"","scope 1 emissions","scope 2 emissions","total emissions","emissions quality flag","s1 lower bound","s1 upper bound","s1 mean","tot lower bound","tot upper bound","tot mean","co2 emissions per capita","latitude","longitude","region","population","city area km","average annual temperature celcius","gdp-ppp per capita","ngdp","ngdp per capita","energy per person co2","center of commerce index","urbanization ratio","mean one-way travel time","average diesel price","average gasoline price","household size","congestion rank","economy rank","environment rank","governance rank","human capital rank","international impact rank","mobility and transportation rank","public management rank","social cohesion rank","technology rank","urban planning rank","CIMI","CIMI Ranking","exports","production","natgas exports","C4H waste per capita","C4H waste plus natgas per capita","corrected C4H waste plus natgas per capita"
"1",NA,NA,1900,"D",NA,NA,NA,NA,NA,NA,NA,56.167,10.25,"Europe",330639,467.85,NA,NA,NA,NA,NA,NA,NA,NA,1.8,2.01,2.10362550178588,462,NA,NA,NA,NA,NA,NA,NA,NA,NA,NA,NA,NA,4.517e+09,6.412e+09,0.7,0.0106834006,0.01703133,0.0125594652
"2",193345,421879,615224,"A",138111.799837664,165934.941020844,152023.370429254,559990.799837664,587813.941020844,573902.370429254,NA,40.1,-75.099722,"North America",55557,40.1707449,13.6,NA,NA,NA,NA,NA,NA,27.8,0.97,0.86,2.62,NA,NA,NA,NA,NA,NA,NA,NA,NA,NA,NA,NA,NA,4.287e+10,7.662e+11,0.06,0.0176989817,0.0367294791,0.0356646952
"3",3708292,NA,3708292,"E",1983266.67276584,3298555.81421744,2640911.24349164,1983266.67276584,3298555.81421744,2640911.24349164,NA,9.03,38.74,"Africa",3270000,540,NA,NA,NA,NA,NA,NA,NA,NA,0.89,0.99,NA,NA,NA,NA,NA,NA,NA,NA,NA,NA,NA,NA,NA,NA,0,1,0,0.0043235742,0.0182026271,0.0182026271
"4",63724,422817,486541,"A",41872.9652379316,45693.5509093012,43783.2580736164,464689.965237932,468510.550909301,466600.258073616,NA,-34.929,138.601,"Oceania",22393,15.57,18,36217,56,46242.774566474,NA,NA,NA,33.23,1.28,1.23,1.7,NA,NA,NA,NA,NA,NA,NA,NA,NA,NA,NA,NA,NA,3.161e+10,6.264e+10,0.5,0.0277933709,0.039682077,0.0336826837
"5",NA,NA,225,"D",NA,NA,NA,NA,NA,NA,NA,54.883,10.333333,"Europe",6383,88,10,NA,NA,NA,NA,NA,NA,NA,1.8,2.01,1.79083260806498,NA,NA,NA,NA,NA,NA,NA,NA,NA,NA,NA,NA,NA,4.517e+09,6.412e+09,0.7,0.0106834006,0.01703133,0.0125594652
"6",3839803,NA,NA,NA,NA,NA,NA,NA,NA,NA,NA,21.8897,-102.295,"Latin America & Caribbean",934424,385,NA,NA,NA,NA,NA,NA,NA,NA,1.02,1.03,NA,480,NA,NA,NA,NA,NA,NA,NA,NA,NA,NA,NA,NA,NA,NA,NA,NA,NA,NA
"7",13855311,NA,NA,NA,NA,NA,NA,NA,NA,NA,NA,23.03,72.58,"South Asia",5633927,464.165,NA,NA,12,1954.39739413681,NA,NA,29.235,NA,0.91,1.1,NA,NA,NA,NA,NA,NA,NA,NA,NA,NA,NA,NA,NA,NA,NA,NA,NA,NA,NA,NA
"8",6354,NA,538836,"C",NA,NA,NA,NA,NA,NA,NA,43.858,-79.036389,"North America",109600,67.07,7.8,NA,NA,NA,NA,NA,NA,34.9,1.16,1.17,3.2,NA,NA,NA,NA,NA,NA,NA,NA,NA,NA,NA,NA,NA,7.796e+10,1.515e+11,0.51,0.046860437,0.1017275144,0.0734936045
"9",663997,553094,1217091,"A",566276.876422246,615502.356509414,590889.616465831,1119370.87642225,1168596.35650941,1143983.61646583,NA,42.653,-73.757222,"North America",98111,55.3998861,9,66342,52,59633.0275229358,NA,NA,NA,19.1,0.97,0.86,2.19,586,NA,NA,NA,NA,NA,NA,NA,NA,NA,NA,NA,NA,4.287e+10,7.662e+11,0.06,0.0176989817,0.0367294791,0.0356646952
"10",138542,262537,401079,"A",111997.908632886,125369.214288104,118683.561460495,374534.908632886,387906.214288104,381220.561460495,NA,38.901,-90.159722,"North America",26861,40.0671453,13.7,NA,NA,NA,NA,NA,NA,22.7,0.97,0.86,2.27,NA,NA,NA,NA,NA,NA,NA,NA,NA,NA,NA,NA,NA,4.287e+10,7.662e+11,0.06,0.0176989817,0.0367294791,0.0356646952
"11",3322603,3892804,7215407,"A",2267715.93896607,2744820.62596431,2506268.28246519,6160519.93896607,6637624.62596431,6399072.28246519,NA,31.95,35.932778,"North Africa, Middle East, West Asia",4007526,1680,17,NA,NA,NA,NA,NA,NA,50.29,0.82,1.27,5.2,NA,171,156,170,174,154,180,66,92,167,169,36.7,175,0,1,0,0.0057248771,0.0104522032,0.0104522032
"12",2161000,2310000,4471000,"C",NA,NA,NA,NA,NA,NA,NA,52.367,4.9,"Europe",810000,219,11.8,45265,120.67123,49676.2166267694,NA,60.06,80.172,37.5,1.8,2.15,1.8,215,32,95,31,34,7,20,56,26,6,1,82.86,10,6.342e+10,8.152e+10,0.78,0.0136552404,0.0287396254,0.0170044476
"13",3293364.54581,NA,NA,NA,NA,NA,NA,NA,NA,NA,1.34474582128,41.1166666667,122.983333333,"East Asia",1529850,624,NA,NA,20,13157.8947368,NA,NA,NA,NA,1.09,1.17,NA,NA,NA,NA,NA,NA,NA,NA,NA,NA,NA,NA,NA,NA,NA,NA,NA,NA,NA,NA
"14",917789.196792,NA,NA,NA,NA,NA,NA,NA,NA,NA,0.462207237668,36.1,114.333333333,"East Asia",950301,543.5,NA,NA,6,5231.0374891,NA,NA,NA,NA,1.09,1.17,NA,NA,NA,NA,NA,NA,NA,NA,NA,NA,NA,NA,NA,NA,NA,NA,NA,NA,NA,NA
"15",1257464,1223236,2480700,"A",1041064.89540448,1150073.65863708,1095569.27702078,2264300.89540448,2373309.65863708,2318805.27702078,NA,38.881,-77.1372613,"North America",230050,67.2620403,14.5,NA,471.584,NA,NA,NA,NA,28.1,0.97,0.86,2.24,NA,NA,NA,NA,NA,NA,NA,NA,NA,NA,NA,NA,NA,4.287e+10,7.662e+11,0.06,0.0176989817,0.0367294791,0.0356646952
"16",NA,NA,394341,"D",NA,NA,NA,385925.701179389,390164.819073995,388045.260126692,NA,39.195,-106.837002,"North America",7710,11.852,6,NA,NA,NA,NA,NA,NA,14.5,0.97,0.86,2.03,NA,NA,NA,NA,NA,NA,NA,NA,NA,NA,NA,NA,NA,4.287e+10,7.662e+11,0.06,0.0176989817,0.0367294791,0.0356646952
"17",1260355,3451221,4711576,"A",991456.416489313,1011876.4745827,1001666.445536,4442677.41648931,4463097.4745827,4452887.445536,NA,37.984,23.727806,"Europe",660000,39,17.5,32484,117.88992,33292.6350902748,NA,43.25,60.316,37.46,1.63,1.98,2.2,NA,115,99,95,67,39,46,95,160,98,25,60.9,94,0,1,0,0.013363883,0.0144621319,0.0144621319
"18",3548215,5476020,9024235,"A",3105056.19685336,3328292.76309031,3216674.47997184,8581076.19685336,8804312.76309031,8692694.47997184,NA,33.755,-84.39,"North America",472522,344.8571685,16.9,52609,249.7,47024.4821092279,NA,52.86,80.731,25.5,0.97,0.86,2.25,9,NA,NA,NA,NA,NA,NA,NA,NA,NA,NA,NA,NA,4.287e+10,7.662e+11,0.06,0.0176989817,0.0367294791,0.0356646952
"19",9133523,1338632,10472155,"A",8102073.11753756,8550047.16707708,8326060.14230732,9440705.11753756,9888679.16707708,9664692.14230732,NA,-36.841,174.74,"Oceania",1570000,4893,15.3,31766,45,33358.042994811,NA,NA,NA,40.9183673469388,1.11,1.71,3,NA,30,100,4,124,76,85,41,40,44,82,71.23,44,0,1,0,0.0132737261,0.0234648677,0.0234648677
"20",6439000,7261000,13700000,"A",5552029.30180822,5998831.42242773,5775430.36211797,12813029.3018082,13259831.4224277,13036430.362118,NA,30.267,-97.733333,"North America",947890,771.558021,20,55420,81,46605.2934407365,15.4,NA,80.731,23.4,0.97,0.86,2.47,42,NA,NA,NA,NA,NA,NA,NA,NA,NA,NA,NA,NA,4.287e+10,7.662e+11,0.06,0.0176989817,0.0367294791,0.0356646952
"21",481003,NA,NA,NA,NA,NA,NA,NA,NA,NA,NA,-1.23793,116.852853,"Southeast Asia",736806,503.3,NA,NA,7,12544802.8673835,NA,NA,NA,NA,0.8,0.93,NA,NA,NA,NA,NA,NA,NA,NA,NA,NA,NA,NA,NA,NA,NA,NA,NA,NA,NA,NA
"22",4019044,3211447,7230497,"A",3405233.48210844,3714434.04714583,3559833.76462714,6616686.48210844,6925887.04714583,6771286.76462714,NA,39.283,-76.616667,"North America",614664,209.6337906,14.7,62291,145,53406.9981583794,NA,NA,NA,30.5,0.97,0.86,2.47,218,16,125,19,16,74,63,3,98,3,13,79.82,20,4.287e+10,7.662e+11,0.06,0.0176989817,0.0367294791,0.0356646952
"23",2660.98238,NA,NA,NA,NA,NA,NA,NA,NA,NA,NA,-6.91746,107.619123,"Southeast Asia",2575478,167.67,NA,NA,10,4175365.34446764,NA,NA,NA,NA,0.8,0.93,NA,65,NA,NA,NA,NA,NA,NA,NA,NA,NA,NA,NA,NA,NA,NA,NA,NA,NA,NA
"24",5568706.7,NA,NA,NA,NA,NA,NA,NA,NA,NA,NA,12.97029,77.596152,"South Asia",12339447,709,NA,5051,29,3550.87547447043,NA,35.78,29.235,NA,0.91,1.1,NA,NA,166,175,126,161,143,128,167,104,137,170,37.3,174,NA,NA,NA,NA,NA,NA
"25",2946568.18924,NA,NA,NA,NA,NA,NA,NA,NA,NA,0.678879734794,38.8666666667,115.466666667,"East Asia",1157891,326,NA,NA,9,7020.28081123,NA,NA,NA,NA,1.09,1.17,NA,NA,NA,NA,NA,NA,NA,NA,NA,NA,NA,NA,NA,NA,NA,NA,NA,NA,NA,NA
"26",3363195.27344,NA,NA,NA,NA,NA,NA,NA,NA,NA,1.596385,40.65,109.833333333,"East Asia",2070801,2662,NA,NA,31,14783.0233667,NA,NA,NA,NA,1.09,1.17,NA,NA,NA,NA,NA,NA,NA,NA,NA,NA,NA,NA,NA,NA,NA,NA,NA,NA,NA,NA
"27",3595726,NA,NA,NA,NA,NA,NA,NA,NA,NA,NA,41.38506,2.173403,"Europe",1604555,101.4,NA,36157,195,36011.08033241,2.3,50.9,76.701,NA,1.55,1.63,2.4,124,77,84,35,39,4,26,67,72,64,43,74.1,35,NA,NA,NA,NA,NA,NA
"28",3023515,NA,NA,NA,NA,NA,NA,NA,NA,NA,NA,10.987778,-74.788889,"Latin America & Caribbean",1228271,161,NA,NA,0.0119178506126723,NA,NA,NA,NA,NA,1.04,1.08,NA,98,NA,NA,NA,NA,NA,NA,NA,NA,NA,NA,NA,NA,NA,NA,NA,NA,NA,NA
"29",203441,87408,290849,"A",NA,NA,NA,NA,NA,NA,NA,38.667,-9.066667,"Europe",78764,36.39,16,NA,NA,NA,NA,NA,NA,21.07,1.64,1.89,2.4,NA,NA,NA,NA,NA,NA,NA,NA,NA,NA,NA,NA,NA,0,1,0,0.0311275785,0.0361368851,0.0361368851
"30",783932,321821,1105753,"B",739815.689868344,762689.58146849,751252.635668417,1061636.68986834,1084510.58146849,1073073.63566842,NA,47.567,7.6,"Europe",197000,37,12,44400,41.37498,53502.2215555544,NA,NA,NA,35.8,1.79,1.74,1.9,55,34,68,62,101,119,53,37,4,146,57,70.13,47,0,1,0,0.0038276228,0.007949217,0.007949217
"31",344419,107239,457288,"A",266204.760169571,272801.044054503,269502.902112037,379073.760169571,385670.044054503,382371.902112037,NA,13.83,121,"Southeast Asia",329874,282.96,25,NA,NA,NA,NA,NA,NA,NA,0.82,1.05,NA,NA,NA,NA,NA,NA,NA,NA,NA,NA,NA,NA,NA,NA,0,1,0,0.0076935557,0.0084021612,0.0084021612
"32",75104879.0068,NA,NA,NA,NA,NA,NA,NA,NA,NA,4.56651863677,39.9166666667,116.383333333,"East Asia",18766000,1368,NA,NA,206.2,10952.3556594,9.3,42.52,42.522,NA,1.09,1.17,NA,NA,66,180,68,19,8,13,101,142,8,125,61.83,90,NA,NA,NA,NA,NA,NA
"33",2804787,436925,3241713,"A",1629066.1664196,1745280.46195121,1687173.31418541,2065992.1664196,2182206.46195121,2124099.31418541,NA,-19.917,-43.933333,"Latin America & Caribbean",2502557,330.9,21,15134,78.5,14496.7682363804,NA,NA,NA,34.4,1.02,1.27,3.70430469441984,69,169,146,145,96,138,117,137,134,156,132,44.98,153,1.17e+10,1.703e+10,0.69,0.0151203426,0.0204194776,0.0167788505
"34",NA,NA,688706,"D",NA,NA,NA,661294.11526928,675102.56266538,668198.33896733,NA,38.063,-122.156111,"North America",28174,33.4885707,21,NA,NA,NA,NA,NA,NA,31,0.97,0.86,2.55,NA,NA,NA,NA,NA,NA,NA,NA,NA,NA,NA,NA,NA,4.287e+10,7.662e+11,0.06,0.0176989817,0.0367294791,0.0356646952
"35",866087.529437,NA,NA,NA,NA,NA,NA,NA,NA,NA,0.681290269103,41.3,123.766666667,"East Asia",1011377,907,NA,NA,9,8226.69104205,NA,NA,NA,NA,1.09,1.17,NA,NA,NA,NA,NA,NA,NA,NA,NA,NA,NA,NA,NA,NA,NA,NA,NA,NA,NA,NA
"36",1716901,NA,NA,NA,NA,NA,NA,NA,NA,NA,NA,-19,-44,"Latin America & Caribbean",408448,342.85,NA,NA,0.0125597139208131,NA,NA,NA,NA,NA,1.02,1.27,NA,NA,NA,NA,NA,NA,NA,NA,NA,NA,NA,NA,NA,NA,NA,NA,NA,NA,NA,NA
"37",528002.28,NA,NA,NA,NA,NA,NA,NA,NA,NA,NA,20.27,85.84,"South Asia",837456,422,NA,NA,1.64377381471304,NA,NA,NA,NA,NA,0.91,1.1,NA,NA,NA,NA,NA,NA,NA,NA,NA,NA,NA,NA,NA,NA,NA,NA,NA,NA,NA,NA
"38",NA,NA,5199.7,"D",NA,NA,NA,NA,NA,NA,NA,52.483,-1.893611,"Europe",1101400,267.8,9.2,NA,NA,NA,NA,NA,79.007,61.2,1.99,1.92,2.6,119,48,75,9,30,153,70,133,31,143,98,67.1,62,1.055e+10,4.099e+10,0.26,0.0181362582,0.0260463068,0.0240104197
"39",124461.79,223021.63,347483.42,"A",80308.184048496,102550.096675766,91429.140362131,303329.814048496,325571.726675766,314450.770362131,NA,37.23,-80.417778,"North America",45038,51.5149011,10.8,NA,6.636,NA,NA,NA,NA,14.1,0.97,0.86,2.58,NA,NA,NA,NA,NA,NA,NA,NA,NA,NA,NA,NA,NA,4.287e+10,7.662e+11,0.06,0.0176989817,0.0367294791,0.0356646952
"40",954020,1239622,2193642,"A",535599.738648807,633906.617658839,584753.178153823,1775221.73864881,1873528.61765884,1824375.17815382,NA,-6.597,106.7972,"Southeast Asia",1030720,118.5,32.1,NA,NA,NA,NA,NA,NA,NA,0.8,0.93,NA,404,NA,NA,NA,NA,NA,NA,NA,NA,NA,NA,NA,NA,3.178e+10,7.5e+10,0.42,0.0109098013,0.0167237797,0.0142602033
"41",10679585.14,1094791.71,12359324.53,"A",7302604.56422248,9187181.87262745,8244893.21842496,8982343.95422248,10866921.2626274,9924632.60842496,NA,4.711,-74.072222,"Latin America & Caribbean",8080734,1635.1,15,17497,85,9939.19550982226,NA,38.27,73.581,72,1.04,1.08,3.2,5,68,110,72,93,86,154,53,157,104,94,55.3,113,0,1,0,0.006765019,0.0153077511,0.0153077511
"42",NA,NA,2270524.7,"D",NA,NA,NA,NA,NA,NA,NA,44.507,11.351389,"Europe",388257,140.86,15,43978,NA,NA,NA,NA,67.588,NA,2.01,2.14,1.9,446,NA,NA,NA,NA,NA,NA,NA,NA,NA,NA,NA,NA,6.8e+07,7.8e+09,0.01,0.0113831309,0.0151458624,0.0151130591
"43",NA,NA,758627,"D",NA,NA,NA,415668.051604462,460537.542082423,438102.796843443,NA,38.47,27.221111,"North Africa, Middle East, West Asia",416007,224.15,NA,NA,NA,NA,NA,NA,NA,NA,1.9,2.06,NA,NA,NA,NA,NA,NA,NA,NA,NA,NA,NA,NA,NA,NA,3.1e+07,6.32e+08,0.05,0.0255910407,0.0296417873,0.0294430956
"44",3603270,2462912,6066182,"A",2958166.9932224,3283130.8190104,3120648.9061164,5421078.9932224,5746042.8190104,5583560.9061164,NA,42.358,-71.063611,"North America",673184,125.0447172,10,76204,296,64869.6033311418,NA,NA,NA,29.25,0.97,0.86,2.35,18,3,120,6,2,69,12,8,76,17,27,88.9,4,4.287e+10,7.662e+11,0.06,0.0176989817,0.0367294791,0.0356646952
"45",741287,980709,1721996,"A",636622.532290464,689346.152384644,662984.342337554,1617331.53229046,1670055.15238464,1643693.34233755,NA,40.027,-105.251945,"North America",108090,63.8691534,10.9,NA,22.354,NA,NA,NA,80.731,19.2,0.97,0.86,2.24,NA,NA,NA,NA,NA,NA,NA,NA,NA,NA,NA,NA,NA,4.287e+10,7.662e+11,0.06,0.0176989817,0.0367294791,0.0356646952
"46",350775,431850,782650,"A",NA,NA,NA,NA,NA,NA,NA,50.72,-1.88,"Europe",197700,46.18,14,NA,NA,NA,NA,NA,79.007,NA,1.99,1.92,2.2,199,NA,NA,NA,NA,NA,NA,NA,NA,NA,NA,NA,NA,1.055e+10,4.099e+10,0.26,0.0181362582,0.0260463068,0.0240104197
"47",7739830,NA,7739830,"E",7077555.54903081,7143018.16274803,7110286.85588942,7077555.54903081,7143018.16274803,7110286.85588942,NA,-15.79,-47.88,"Latin America & Caribbean",2977216,5802,21,35689,101.6,27326.5196342119,NA,NA,82.834,NA,1.02,1.27,3.30039236661538,209,162,143,139,142,121,113,58,137,159,127,47.18,143,1.17e+10,1.703e+10,0.69,0.0151203426,0.0204194776,0.0167788505
"48",NA,NA,148025,"D",NA,NA,NA,143428.391423843,145743.884442577,144586.13793321,NA,37.681,-122.419167,"North America",4282,52,NA,NA,NA,NA,NA,NA,NA,26.2,0.97,0.86,2,NA,NA,NA,NA,NA,NA,NA,NA,NA,NA,NA,NA,NA,4.287e+10,7.662e+11,0.06,0.0176989817,0.0367294791,0.0356646952
"49",2127000,NA,NA,NA,NA,NA,NA,NA,NA,NA,NA,51.45451,-2.58791,"Europe",454200,110,NA,42326,34.55597,41853.7081065892,NA,NA,79.007,NA,1.99,1.92,NA,203,NA,NA,NA,NA,NA,NA,NA,NA,NA,NA,NA,NA,NA,NA,NA,NA,NA,NA
"50",3293000,NA,NA,NA,NA,NA,NA,NA,NA,NA,NA,50.85034,4.35171,"Europe",1175173,161.38,NA,46298,NA,NA,NA,52.16,97.292,NA,1.69,1.9,NA,71,49,89,34,68,30,30,84,47,45,53,72.89,40,NA,NA,NA,NA,NA,NA
"51",15561157,4105971,19667128,"A",15163724.0495747,15206123.0493211,15184923.5494479,19269695.0495747,19312094.0493211,19290894.5494479,NA,-34.603,-58.381667,"Latin America & Caribbean",3500000,202,18,23606,191.7,14634.7049393083,NA,NA,NA,45.71,1.33,1.52,NA,NA,113,113,49,60,47,49,107,97,82,63,63.32,83,2.6e+09,3.877e+10,0.07,0.0041514982,0.0046829182,0.00464728
"52",2592942,NA,NA,NA,NA,NA,NA,NA,NA,NA,NA,-32.9833,27.8667,"Africa",755200,2536,NA,NA,NA,NA,NA,NA,59.256,NA,1.17,1.19,3.4,NA,NA,NA,NA,NA,NA,NA,NA,NA,NA,NA,NA,NA,NA,NA,NA,NA,NA,NA
"53",368077,37305,405385.3,"A",NA,NA,NA,NA,NA,NA,NA,44.476,-73.211944,"North America",42260,26.7027969,7.7,NA,5.158,NA,NA,NA,NA,17.8,0.97,0.86,2.2,NA,NA,NA,NA,NA,NA,NA,NA,NA,NA,NA,NA,NA,4.287e+10,7.662e+11,0.06,0.0176989817,0.0367294791,0.0356646952
"54",10448332,7758900,18207232,"A",7970890.51987471,8868684.47569606,8419787.49778539,15729790.5198747,16627584.4756961,16178687.4977854,NA,51.05,-114.066667,"North America",1239220,825.56,4.1,69826,78,62751.4078841513,17.3,NA,80.122,27,1.16,1.17,3,481,NA,NA,NA,NA,NA,NA,NA,NA,NA,NA,NA,NA,7.796e+10,1.515e+11,0.51,0.046860437,0.1017275144,0.0734936045
"55",1757500,2246400,4003900,"A",1380253.94256,1446214.24592,1413234.09424,3626653.94256,3692614.24592,3659634.09424,NA,-35.307,149.124417,"Oceania",381488,814.2,13.5,NA,NA,NA,NA,NA,NA,22,1.28,1.23,2.6,NA,NA,NA,NA,NA,NA,NA,NA,NA,NA,NA,NA,NA,3.161e+10,6.264e+10,0.5,0.0277933709,0.039682077,0.0336826837
"56",9783734,12860112,22643846,"A",8251794.88163471,8441695.50362218,8346745.19262844,21111906.8816347,21301807.5036222,21206857.1926284,NA,-33.925,18.423889,"Africa",3840000,2461,16.6,14086,38,10882.0160366552,6,NA,59.256,45.31,1.17,1.19,3.4,33,163,145,71,144,94,135,40,159,90,139,50.38,133,0,1,0,0.0122306776,0.0139613383,0.0139613383
"57",14364103,3410672,17774776,"A",9921330.84007642,13479068.8047154,11700199.8223959,13332003.8400764,16889741.8047154,15110872.8223959,NA,10.481,-66.903611,"Latin America & Caribbean",5290000,4715.1,25,15890,69,14194.610162518,NA,NA,NA,49.5,0.008,0.015,NA,13,180,136,174,119,164,112,30,173,178,114,38.03,173,0,1,0,0.0089832473,0.0450948915,0.0450948915
"58",NA,NA,2128000,"D",NA,NA,NA,NA,NA,NA,NA,51.483,-3.183333,"Europe",361468,140.9,9.7,29674,20.72175,31470.4511041824,NA,NA,79.007,NA,1.99,1.92,2.32,313,NA,NA,NA,NA,NA,NA,NA,NA,NA,NA,NA,NA,1.055e+10,4.099e+10,0.26,0.0181362582,0.0260463068,0.0240104197
"59",565382,266221,831603,"A",NA,NA,NA,NA,NA,NA,NA,38.7,-9.416667,"Europe",206479,97.4,17,NA,NA,NA,NA,NA,NA,30.0861860671899,1.64,1.89,NA,NA,NA,NA,NA,NA,NA,NA,NA,NA,NA,NA,NA,NA,0,1,0,0.0311275785,0.0361368851,0.0361368851
"60",5029058.46744,NA,NA,NA,NA,NA,NA,NA,NA,NA,1.18104,43.8869444444,125.324722222,"East Asia",4193073,4738,NA,NA,35,8955.9877175,NA,NA,42.522,NA,1.09,1.17,NA,NA,NA,NA,NA,NA,NA,NA,NA,NA,NA,NA,NA,NA,NA,NA,NA,NA,NA,NA
"61",3955711.94,NA,NA,NA,NA,NA,NA,NA,NA,NA,0.83,28.1961111111,112.972222222,"East Asia",5288800,1917,NA,NA,40.3,13025.210084,NA,NA,42.522,NA,1.09,1.17,NA,NA,NA,NA,NA,NA,NA,NA,NA,NA,NA,NA,NA,NA,NA,NA,NA,NA,NA,NA
"62",4131838.87751,NA,NA,NA,NA,NA,NA,NA,NA,NA,1.4242956244,31.7833333333,119.966666667,"East Asia",3290918,1872.1,NA,NA,34,10331.2063203,NA,NA,NA,NA,1.09,1.17,NA,NA,NA,NA,NA,NA,NA,NA,NA,NA,NA,NA,NA,NA,NA,NA,NA,NA,NA,NA
"63",9975976.2,NA,NA,NA,NA,NA,NA,NA,NA,NA,1.08,30.6586111111,104.064722222,"East Asia",10152632,3679.9,NA,NA,57.8,7528.98267552,NA,NA,NA,NA,1.09,1.17,NA,NA,NA,NA,NA,NA,NA,NA,NA,NA,NA,NA,NA,NA,NA,NA,NA,NA,NA,NA
"64",16951471,12967223,29918694,"B",14234702.5717078,15603245.9716958,14918974.2717018,27201925.5717078,28570468.9716958,27886197.2717018,NA,41.837,-87.684722,"North America",2704958,589.5594237,9.4,58861,496.4,52351.8245095971,NA,65.24,80.731,30.95,0.97,0.86,2.57,19,8,118,7,8,44,16,11,121,10,35,82.55,12,4.287e+10,7.662e+11,0.06,0.0176989817,0.0367294791,0.0356646952
"65",9485242.8,NA,NA,NA,NA,NA,NA,NA,NA,NA,0.88,29.5583333333,106.566666667,"East Asia",8165500,472.8,NA,NA,88.6,5645.82935067,NA,33.13,42.522,NA,1.09,1.17,NA,NA,143,176,109,162,81,119,174,143,56,93,44.33,157,NA,NA,NA,NA,NA,NA
"66",7750563,4139032,11889595,"A",7354298.99127794,7553912.80014801,7454105.89571297,11493330.9912779,11692944.800148,11593137.895713,NA,41.482,-81.669722,"North America",385809,201.242223,10.4,55876,98,47183.4376504574,NA,NA,NA,24.2,0.97,0.86,2.26,405,NA,NA,NA,NA,NA,NA,NA,NA,NA,NA,NA,NA,4.287e+10,7.662e+11,0.06,0.0176989817,0.0367294791,0.0356646952
"67",269372,NA,NA,NA,NA,NA,NA,NA,NA,NA,NA,9.931233,76.267304,"South Asia",601574,94.88,NA,NA,7,3455083.90918065,NA,NA,NA,NA,0.91,1.1,NA,NA,NA,NA,NA,NA,NA,NA,NA,NA,NA,NA,NA,NA,NA,NA,NA,NA,NA,NA
"68",5316666,NA,NA,NA,NA,NA,NA,NA,NA,NA,NA,11,76.9558,"South Asia",1601438,246.75,NA,NA,5,2415458.93719807,NA,NA,NA,NA,0.91,1.1,NA,NA,NA,NA,NA,NA,NA,NA,NA,NA,NA,NA,NA,NA,NA,NA,NA,NA,NA,NA
"69",5487400,5496200,10983600,"A",4652603.75505142,5073123.54594037,4862863.65049589,10148803.7550514,10569323.5459404,10359063.6504959,NA,39.983,-82.983333,"North America",860090,562.4681283,11.6,54780,89,48264.6420824295,NA,NA,NA,21.4,0.97,0.86,2.4,318,NA,NA,NA,NA,NA,NA,NA,NA,NA,NA,NA,NA,4.287e+10,7.662e+11,0.06,0.0176989817,0.0367294791,0.0356646952
"70",NA,NA,1450358,"D",NA,NA,NA,1242354.81899309,1273425.20283192,1257890.0109125,NA,55.676,12.568333,"Europe",603000,86,8,42220,98.83225,49018.6329057671,NA,57.99,85.856,31.02,1.8,2.01,2.01213023042376,268,31,41,17,31,27,17,162,6,53,29,77.56,27,4.517e+09,6.412e+09,0.7,0.0106834006,0.01703133,0.0125594652
"71",2686488,349791,3036279,"A",1863428.4019987,1944783.84678653,1904106.12439262,2213219.4019987,2294574.84678653,2253897.12439262,NA,-25.417,-49.25,"Latin America & Caribbean",1750000,434,18,16980,58,18273.4719596723,NA,NA,82.834,32.1,1.02,1.27,3.02735375473824,129,170,124,96,91,115,133,72,124,117,123,50.76,131,1.17e+10,1.703e+10,0.69,0.0151203426,0.0204194776,0.0167788505
"72",11448360.8442,NA,NA,NA,NA,NA,NA,NA,NA,NA,2.29926470118,38.9208333333,121.639166667,"East Asia",6690432,13237,NA,NA,54,13803.6809816,NA,NA,42.522,NA,1.09,1.17,NA,NA,NA,NA,NA,NA,NA,NA,NA,NA,NA,NA,NA,NA,NA,NA,NA,NA,NA,NA
"73",119881,17109507,17229388,"A",-1136048.67360995,-503387.366238818,-819718.019924382,15973458.3263901,16606119.6337612,16289788.9800756,NA,32.776,-96.796667,"North America",1317929,881.9433948,19.4,59483,324.9,50646.9212782541,NA,NA,NA,26.55,0.97,0.86,2.6,16,10,102,12,11,61,108,25,89,21,55,78.24,23,4.287e+10,7.662e+11,0.06,0.0176989817,0.0367294791,0.0356646952
"74",650633.454572,NA,NA,NA,NA,NA,NA,NA,NA,NA,0.441072141057,40.1166666667,124.383333333,"East Asia",865576,830,NA,NA,NA,NA,NA,NA,NA,NA,1.09,1.17,NA,NA,NA,NA,NA,NA,NA,NA,NA,NA,NA,NA,NA,NA,NA,NA,NA,NA,NA,NA
"75",3884885.60902,NA,NA,NA,NA,NA,NA,NA,NA,NA,2.103472,46.5833333333,125,"East Asia",1649825,5107,NA,NA,39,22272.9868646,NA,NA,NA,NA,1.09,1.17,NA,NA,NA,NA,NA,NA,NA,NA,NA,NA,NA,NA,NA,NA,NA,NA,NA,NA,NA,NA
"76",1498970.42305,NA,NA,NA,NA,NA,NA,NA,NA,NA,0.822655480591,40.0833333333,113.3,"East Asia",1737517,2080,NA,NA,4,2301.49597238,NA,NA,NA,NA,1.09,1.17,NA,NA,NA,NA,NA,NA,NA,NA,NA,NA,NA,NA,NA,NA,NA,NA,NA,NA,NA,NA
"77",348437,NA,348437,"E",282928.08785664,315927.51041344,299427.79913504,282928.08785664,315927.51041344,299427.79913504,NA,38.554,-121.738056,"North America",68111,25.6150011,23,NA,NA,NA,NA,NA,NA,21.4,0.97,0.86,2.64,364,NA,NA,NA,NA,NA,NA,NA,NA,NA,NA,NA,NA,4.287e+10,7.662e+11,0.06,0.0176989817,0.0367294791,0.0356646952
"78",1316744,NA,NA,NA,NA,NA,NA,NA,NA,NA,NA,30.318,78.029,"South Asia",578420,300,NA,NA,0.87867082917314,NA,NA,NA,NA,NA,0.91,1.1,NA,NA,NA,NA,NA,NA,NA,NA,NA,NA,NA,NA,NA,NA,NA,NA,NA,NA,NA,NA
"79",4557000,4385000,8942000,"A",3894059.79522385,4228008.92109889,4061034.35816137,8279059.79522385,8613008.92109889,8446034.35816137,NA,39.762,-104.881105,"North America",693060,396.26847,10.1,61795,142,55425.4488680718,17.69,NA,80.731,24.8,0.97,0.86,2.3,107,NA,NA,NA,NA,NA,NA,NA,NA,NA,NA,NA,NA,4.287e+10,7.662e+11,0.06,0.0176989817,0.0367294791,0.0356646952
"80",5520240,4809082,10329322,"C",4832495.28502981,5178939.42091839,5005717.3529741,9641577.28502981,9988021.42091839,9814799.3529741,NA,42.331,-83.045833,"North America",672795,359.3611125,9,48421,179,41618.2283189956,NA,NA,NA,26.8,0.97,0.86,2.65,128,NA,NA,NA,NA,NA,NA,NA,NA,NA,NA,NA,NA,4.287e+10,7.662e+11,0.06,0.0176989817,0.0367294791,0.0356646952
"81",3132786,4253621,7386407,"A",2461491.41170264,2799648.97003363,2630570.19086814,6715112.41170264,7053269.97003363,6884191.19086814,NA,38.905,-77.016389,"North America",681170,158.1188895,14.7,46251,30.00429,43856.047030347,NA,NA,NA,29.7,0.97,0.86,2.22,NA,NA,NA,NA,NA,NA,NA,NA,NA,NA,NA,NA,NA,4.287e+10,7.662e+11,0.06,0.0176989817,0.0367294791,0.0356646952
"82",NA,NA,2942349,"D",NA,NA,NA,NA,NA,NA,NA,53.35,-6.260278,"Europe",553165,114.99,10,51319,101,58045.9770114943,NA,51.77,60.477,27.2,1.84,1.92,2.4,151,22,70,21,77,24,54,52,64,89,65,74.47,33,0,1,0,0.0096132215,0.0284408491,0.0284408491
"83",11681810,10905271,22587081,"A",10291759.069252,10464071.0973076,10377915.0832798,21197030.069252,21369342.0973076,21283186.0832798,NA,-29.883,31.05,"Africa",3560000,2292,24,12884,22,7447.52877454299,NA,NA,NA,35.12,1.17,1.19,NA,158,167,123,85,160,173,138,110,156,147,156,43.35,158,0,1,0,0.0122306776,0.0139613383,0.0139613383
"84",1973070,2557399,4530469,"A",1722603.26525554,1848773.23733761,1785688.25129657,4280002.26525554,4406172.23733761,4343087.25129657,NA,35.989,-78.907222,"North America",263016,278.0872263,15,67953,43.484,NA,NA,NA,NA,21.7,0.97,0.86,2.35,778,NA,NA,NA,NA,NA,NA,NA,NA,NA,NA,NA,NA,4.287e+10,7.662e+11,0.06,0.0176989817,0.0367294791,0.0356646952
"85",10215142,6361560,16576702,"A",8408375.226972,9063125.016792,8735750.121882,14769935.226972,15424685.016792,15097310.121882,NA,53.533,-113.5,"North America",932546,685.25,3.6,62832,64,54421.768707483,NA,NA,NA,25.6,1.16,1.17,2.9,447,NA,NA,NA,NA,NA,NA,NA,NA,NA,NA,NA,NA,7.796e+10,1.515e+11,0.51,0.046860437,0.1017275144,0.0734936045
"86",19330397,NA,NA,NA,NA,NA,NA,NA,NA,NA,NA,26.223,28.167,"Africa",3178470,1975,NA,NA,NA,NA,NA,NA,59.256,NA,1.17,1.19,NA,NA,NA,NA,NA,NA,NA,NA,NA,NA,NA,NA,NA,NA,NA,NA,NA,NA,NA,NA
"87",127138,40590,167728,"A",116582.676808608,121899.809376068,119241.243092338,157172.676808608,162489.809376068,159831.243092338,NA,37.831,-122.285278,"North America",11671,3.2374875,15.1,NA,NA,NA,NA,NA,NA,28.7,0.97,0.86,1.74,NA,NA,NA,NA,NA,NA,NA,NA,NA,NA,NA,NA,NA,4.287e+10,7.662e+11,0.06,0.0176989817,0.0367294791,0.0356646952
"88",1106250,137500,1250000,"A",955269.932515936,1031324.54678976,993297.239652846,1099019.93251594,1175074.54678976,1137047.23965285,NA,44.052,-123.086667,"North America",166575,113.2343628,11.2,NA,13.673,NA,NA,NA,NA,17.7,0.97,0.86,2.32,900,NA,NA,NA,NA,NA,NA,NA,NA,NA,NA,NA,NA,4.287e+10,7.662e+11,0.06,0.0176989817,0.0367294791,0.0356646952
"89",128,138,265.85,"A",NA,NA,NA,NA,NA,NA,NA,37.033,-7.916667,"Europe",64560,202.57,17.8,NA,NA,NA,NA,NA,NA,18.91,1.64,1.89,2.4,NA,NA,NA,NA,NA,NA,NA,NA,NA,NA,NA,NA,NA,0,1,0,0.0311275785,0.0361368851,0.0361368851
"90",NA,NA,1582605.13,"D",NA,NA,NA,1526258.50723511,1540164.94774029,1533211.7274877,NA,44.833,11.616667,"Europe",132499,404.38,15.5,NA,NA,NA,NA,NA,NA,NA,2.01,2.14,2,970,NA,NA,NA,NA,NA,NA,NA,NA,NA,NA,NA,NA,6.8e+07,7.8e+09,0.01,0.0113831309,0.0151458624,0.0151130591
"91",621293.07,590324.4,1211617.47,"A",NA,NA,NA,NA,NA,NA,NA,35.199,-111.631111,"North America",71459,165.4226613,6.5,NA,5.267,NA,NA,NA,NA,15.9,0.97,0.86,2.52,NA,NA,NA,NA,NA,NA,NA,NA,NA,NA,NA,NA,NA,4.287e+10,7.662e+11,0.06,0.0176989817,0.0367294791,0.0356646952
"92",1305206,145259,1450465,"A",1046811.7023,1072352.72396,1059582.21313,1192070.7023,1217611.72396,1204841.21313,NA,-27.572,-48.6256,"Latin America & Caribbean",469690,675.409,20,NA,13,12845.8498023715,NA,NA,NA,NA,1.02,1.27,2.83390872033479,NA,NA,NA,NA,NA,NA,NA,NA,NA,NA,NA,NA,NA,1.17e+10,1.703e+10,0.69,0.0151203426,0.0204194776,0.0167788505
"93",2055587,NA,NA,NA,NA,NA,NA,NA,NA,NA,NA,40.58526,-105.084,"North America",143986,147.77,NA,NA,NA,NA,NA,NA,80.731,NA,0.97,0.86,2.48,NA,NA,NA,NA,NA,NA,NA,NA,NA,NA,NA,NA,NA,NA,NA,NA,NA,NA,NA
"94",1495948.86969,NA,NA,NA,NA,NA,NA,NA,NA,NA,0.976612,41.8666666667,123.9,"East Asia",1410000,1416,NA,NA,10,7524.45447705,NA,NA,NA,NA,1.09,1.17,NA,NA,NA,NA,NA,NA,NA,NA,NA,NA,NA,NA,NA,NA,NA,NA,NA,NA,NA,NA
"95",381202.916456,NA,NA,NA,NA,NA,NA,NA,NA,NA,0.399284933976,41.0166666667,121.65,"East Asia",669317,459,NA,NA,NA,NA,NA,NA,NA,NA,1.09,1.17,NA,NA,NA,NA,NA,NA,NA,NA,NA,NA,NA,NA,NA,NA,NA,NA,NA,NA,NA,NA
"96",7188866.09081,NA,NA,NA,NA,NA,NA,NA,NA,NA,1.63083987001,26.0761111111,119.306388889,"East Asia",4468076,NA,NA,NA,23.4,8068.96551724,NA,NA,42.522,NA,1.09,1.17,NA,NA,NA,NA,NA,NA,NA,NA,NA,NA,NA,NA,NA,NA,NA,NA,NA,NA,NA,NA
"97",5424749,NA,NA,NA,NA,NA,NA,NA,NA,NA,NA,23.22,72.68,"South Asia",292167,177,NA,NA,0.408715911832607,NA,NA,NA,NA,NA,0.91,1.1,NA,NA,NA,NA,NA,NA,NA,NA,NA,NA,NA,NA,NA,NA,NA,NA,NA,NA,NA,NA
"98",NA,NA,1810370,"D",NA,NA,NA,NA,NA,NA,NA,44.407,8.933983,"Europe",583973,240.29,15,NA,29.22339,41060.5228216351,NA,NA,NA,NA,2.01,2.14,2,NA,NA,NA,NA,NA,NA,NA,NA,NA,NA,NA,NA,NA,6.8e+07,7.8e+09,0.01,0.0113831309,0.0151458624,0.0151130591
"99",247599,83684,331283,"A",223915.415520917,227453.14055417,225684.278037544,307599.415520917,311137.14055417,309368.278037544,NA,55.733,12.483333,"Europe",66693,25,NA,NA,NA,NA,NA,NA,NA,NA,1.8,2.01,2.17959183673469,NA,NA,NA,NA,NA,NA,NA,NA,NA,NA,NA,NA,NA,4.517e+09,6.412e+09,0.7,0.0106834006,0.01703133,0.0125594652
"100",NA,NA,2016320,"D",NA,NA,NA,995361.377276226,1096278.17973302,1045819.77850462,NA,-16.667,-49.25,"Latin America & Caribbean",2458504,739,23.2,NA,23,10584.4454670962,NA,NA,NA,NA,1.02,1.27,3.07229542712498,NA,NA,NA,NA,NA,NA,NA,NA,NA,NA,NA,NA,NA,1.17e+10,1.703e+10,0.69,0.0151203426,0.0204194776,0.0167788505
"101",1218740,NA,NA,NA,NA,NA,NA,NA,NA,NA,NA,47.0667,15.4333,"Europe",280200,127.56,NA,NA,135.28783,52806.9970686162,NA,NA,66.534,NA,1.55,1.6,2,291,NA,NA,NA,NA,NA,NA,NA,NA,NA,NA,NA,NA,NA,NA,NA,NA,NA,NA
"102",20620000,19570000,40190000,"A",14838290.93624,16252789.02544,15545539.98084,34408290.93624,35822789.02544,35115539.98084,NA,51.507,-0.1275,"Europe",8673713,1572.15,11,NA,NA,NA,6.3,79.17,79.007,37,1.99,1.92,2.47,7,4,35,23,1,2,1,34,105,23,22,98.71,2,1.055e+10,4.099e+10,0.26,0.0181362582,0.0260463068,0.0240104197
"103",21069987.84,NA,NA,NA,NA,NA,NA,NA,NA,NA,1.98,23.1333333333,113.266666667,"East Asia",11547491,3843.43,NA,NA,146.1,13196.6398699,NA,NA,42.522,NA,1.09,1.17,NA,NA,100,170,103,44,21,19,161,141,20,69,57.47,102,NA,NA,NA,NA,NA,NA
"104",497634,50562,548195.98,"A",NA,NA,NA,NA,NA,NA,NA,-22.817,-45.227778,"Latin America & Caribbean",119073,752.64,24,NA,NA,NA,NA,NA,NA,NA,1.02,1.27,3.26293771757891,NA,NA,NA,NA,NA,NA,NA,NA,NA,NA,NA,NA,NA,1.17e+10,1.703e+10,0.69,0.0151203426,0.0204194776,0.0167788505
"105",1059495.97501,NA,NA,NA,NA,NA,NA,NA,NA,NA,0.361320940841,26.65,106.633333333,"East Asia",3483100,2403.4,NA,NA,13,4280.54000659,NA,NA,42.522,NA,1.09,1.17,NA,NA,NA,NA,NA,NA,NA,NA,NA,NA,NA,NA,NA,NA,NA,NA,NA,NA,NA,NA
"106",1195239,NA,NA,NA,NA,NA,NA,NA,NA,NA,NA,26.21829,78.182831,"South Asia",1069276,289,NA,NA,NA,NA,NA,NA,NA,NA,0.91,1.1,NA,NA,NA,NA,NA,NA,NA,NA,NA,NA,NA,NA,NA,NA,NA,NA,NA,NA,NA,NA
"107",363052,NA,NA,NA,NA,NA,NA,NA,NA,NA,NA,60.6749,17.1413,"Europe",75451,42.45,NA,NA,NA,NA,NA,NA,84.319,NA,1.82,1.82,NA,NA,NA,NA,NA,NA,NA,NA,NA,NA,NA,NA,NA,NA,NA,NA,NA,NA,NA,NA
"108",10142882.88,NA,NA,NA,NA,NA,NA,NA,NA,NA,1.56,45.75,126.633333333,"East Asia",5282083,4640.4,NA,NA,38.8,6599.76186426,NA,NA,42.522,NA,1.09,1.17,NA,NA,NA,NA,NA,NA,NA,NA,NA,NA,NA,NA,NA,NA,NA,NA,NA,NA,NA,NA
"109",880097.8,NA,NA,NA,NA,NA,NA,NA,NA,NA,0.58,20.0427777778,110.341666667,"East Asia",2046189,2237,NA,NA,9,4398.82697947,NA,NA,42.522,NA,1.09,1.17,NA,NA,NA,NA,NA,NA,NA,NA,NA,NA,NA,NA,NA,NA,NA,NA,NA,NA,NA,NA
"110",NA,NA,17755,"D",NA,NA,NA,NA,NA,NA,NA,53.565,10.001389,"Europe",1787408,755,8.8,49757,165,51546.3917525773,NA,51.53,73.355,29.5,1.58,1.8,1.8,74,47,47,27,36,79,24,70,18,85,23,74.2,34,8.81e+09,2.222e+10,0.4,0.0079727498,0.0111077293,0.0098647424
"111",6304593,10164690,16469283,"A",5234631.06734723,5622371.95398404,5428501.51066563,15399321.0673472,15787061.953984,15593191.5106656,NA,43.25,-79.866667,"North America",536917,1138.11,8.2,NA,32,43243.2432432432,NA,NA,NA,26.9,1.16,1.17,3,465,NA,NA,NA,NA,NA,NA,NA,NA,NA,NA,NA,NA,7.796e+10,1.515e+11,0.51,0.046860437,0.1017275144,0.0734936045
"112",3005643.73272,NA,NA,NA,NA,NA,NA,NA,NA,NA,0.754109514077,36.6,114.483333333,"East Asia",941427,142,NA,NA,9,6642.06642066,NA,NA,NA,NA,1.09,1.17,NA,NA,NA,NA,NA,NA,NA,NA,NA,NA,NA,NA,NA,NA,NA,NA,NA,NA,NA,NA
"113",20319589.9607,NA,NA,NA,NA,NA,NA,NA,NA,NA,3.188562052,30.25,120.166666667,"East Asia",7970000,8000,NA,NA,70.5,11294.4569048,NA,NA,42.522,NA,1.09,1.17,NA,NA,NA,NA,NA,NA,NA,NA,NA,NA,NA,NA,NA,NA,NA,NA,NA,NA,NA,NA
"114",477723,NA,NA,NA,NA,NA,NA,NA,NA,NA,NA,7.01621,100.47288,"Southeast Asia",158218,21,NA,NA,NA,NA,NA,NA,NA,NA,0.9,1.29,NA,NA,NA,NA,NA,NA,NA,NA,NA,NA,NA,NA,NA,NA,NA,NA,NA,NA,NA,NA
"115",861854,186850,1048704,"A",703089.756141584,783065.567043914,743077.661592749,889939.756141584,969915.567043914,929927.661592749,NA,37.669,-122.080796,"North America",158937,117.3783468,11.8,NA,411.969,NA,NA,NA,NA,30.9,0.97,0.86,3.2,NA,NA,NA,NA,NA,NA,NA,NA,NA,NA,NA,NA,NA,4.287e+10,7.662e+11,0.06,0.0176989817,0.0367294791,0.0356646952
"116",5131200.36,NA,NA,NA,NA,NA,NA,NA,NA,NA,1.32,31.8666666667,117.283333333,"East Asia",5670000,838.5,NA,NA,31.2,9307.87589499,NA,NA,42.522,NA,1.09,1.17,NA,NA,NA,NA,NA,NA,NA,NA,NA,NA,NA,NA,NA,NA,NA,NA,NA,NA,NA,NA
"117",306548.753366,NA,NA,NA,NA,NA,NA,NA,NA,NA,0.378047799552,47.35,130.3,"East Asia",664471,11849,NA,NA,NA,NA,NA,NA,NA,NA,1.09,1.17,NA,NA,NA,NA,NA,NA,NA,NA,NA,NA,NA,NA,NA,NA,NA,NA,NA,NA,NA,NA
"118",NA,NA,879900,"D",NA,NA,NA,NA,NA,NA,NA,49.417,8.716667,"Europe",144000,109,13.2,NA,NA,NA,NA,NA,NA,26.6,1.58,1.8,1.7,NA,NA,NA,NA,NA,NA,NA,NA,NA,NA,NA,NA,NA,8.81e+09,2.222e+10,0.4,0.0079727498,0.0111077293,0.0098647424
"119",350520.291081,NA,NA,NA,NA,NA,NA,NA,NA,NA,0.363462839327,47.7333333333,128.9,"East Asia",1148126,39017,NA,NA,NA,NA,NA,NA,NA,NA,1.09,1.17,NA,NA,NA,NA,NA,NA,NA,NA,NA,NA,NA,NA,NA,NA,NA,NA,NA,NA,NA,NA
"120",2096206,2789724,4885930,"A",1166677.77306739,1189218.47637513,1177948.12472126,3956401.77306739,3978942.47637513,3967672.12472126,NA,60.171,24.9375,"Europe",629512,214.21,5.9,47547,88,61884.6694796062,NA,NA,82.905,26.2,1.78,1.89,1.9,242,42,29,10,62,63,28,117,1,52,33,76.91,29,0,1,0,0.0528714133,0.0541853882,0.0541853882
"121",1030434.76712,NA,NA,NA,NA,NA,NA,NA,NA,NA,0.32394807421,26.9,112.6,"East Asia",1135166,722,NA,NA,6,5286.34361233,NA,NA,NA,NA,1.09,1.17,NA,NA,NA,NA,NA,NA,NA,NA,NA,NA,NA,NA,NA,NA,NA,NA,NA,NA,NA,NA
"122",123218,3334,126611,"A",103495.4235544,113430.4631199,108462.94333715,106888.4235544,116823.4631199,111855.94333715,NA,33.866,-118.399722,"North America",19789,3.7036857,18,NA,NA,NA,NA,NA,NA,31.7,0.97,0.86,2.15,NA,NA,NA,NA,NA,NA,NA,NA,NA,NA,NA,NA,NA,4.287e+10,7.662e+11,0.06,0.0176989817,0.0367294791,0.0356646952
"123",NA,NA,8675437,"D",NA,NA,NA,8579151.44878914,8591457.65764221,8585304.55321568,NA,34.385,132.455278,"East Asia",1154391,906.53,16.6,36900,49.35084,34976.1868313177,NA,NA,NA,27.9,1.1,1.38,2.25,NA,NA,NA,NA,NA,NA,NA,NA,NA,NA,NA,NA,NA,0,1,0,0.0025182088,0.0028872234,0.0028872234
"124",289000,128000,417000,"A",NA,NA,NA,NA,NA,NA,NA,57.467,9.983333,"Europe",67121,929.58,7.5,NA,NA,NA,NA,NA,NA,NA,1.8,2.01,2.10208293028955,NA,NA,NA,NA,NA,NA,NA,NA,NA,NA,NA,NA,NA,4.517e+09,6.412e+09,0.7,0.0106834006,0.01703133,0.0125594652
"125",173000,124000,297000,"A",NA,NA,NA,NA,NA,NA,NA,55.648,12.27,"Europe",48853,78.41,8.1,NA,NA,NA,NA,NA,NA,NA,1.8,2.01,2.32438978945407,NA,NA,NA,NA,NA,NA,NA,NA,NA,NA,NA,NA,NA,4.517e+09,6.412e+09,0.7,0.0106834006,0.01703133,0.0125594652
"126",2721836.64,NA,NA,NA,NA,NA,NA,NA,NA,NA,1.52,40.8166666667,111.65,"East Asia",1980774,2065.1,NA,NA,20,10095.911156,NA,NA,42.522,NA,1.09,1.17,NA,NA,NA,NA,NA,NA,NA,NA,NA,NA,NA,NA,NA,NA,NA,NA,NA,NA,NA,NA
"127",44876460,NA,44900000,"C",40633441.4875501,41646498.5108081,41139969.9991791,40656981.4875501,41670038.5108081,41163509.9991791,NA,22.3,114.2,"East Asia",7310000,1104,23.3,57244,224.5,NA,NA,63.94,100,41.33,1.56,2.06,2.8,NA,19,108,13,22,31,37,73,139,11,89,71.69,42,0,1,0,0.0157233279,0.0206548504,0.0206548504
"128",16075539,14511262,33428301,"A",13882674.1021284,14987306.6323783,14434990.3672534,31235436.1021284,32340068.6323783,31787752.3672534,NA,29.763,-95.383056,"North America",2303482,1552.9321041,21,74926,341.1,57087.8661087866,NA,51.3,80.731,26.5,0.97,0.86,2.68,28,9,141,12,18,95,121,15,102,12,44,75.97,32,4.287e+10,7.662e+11,0.06,0.0176989817,0.0367294791,0.0356646952
"129",1322234.51304,NA,NA,NA,NA,NA,NA,NA,NA,NA,1.18104,33.58,116.47,"East Asia",1113321,748.4,NA,NA,5,4492.36298293,NA,NA,NA,NA,1.09,1.17,NA,NA,NA,NA,NA,NA,NA,NA,NA,NA,NA,NA,NA,NA,NA,NA,NA,NA,NA,NA
"130",1124851.26,NA,NA,NA,NA,NA,NA,NA,NA,NA,0.78,32.6166666667,116.983333333,"East Asia",1666826,1492.3,NA,NA,6,3731.34328358,NA,NA,NA,NA,1.09,1.17,NA,NA,NA,NA,NA,NA,NA,NA,NA,NA,NA,NA,NA,NA,NA,NA,NA,NA,NA,NA
"131",563460.779364,NA,NA,NA,NA,NA,NA,NA,NA,NA,0.408322369844,30.2166666667,115.083333333,"East Asia",691963,233.8,NA,NA,6,7843.1372549,NA,NA,NA,NA,1.09,1.17,NA,NA,NA,NA,NA,NA,NA,NA,NA,NA,NA,NA,NA,NA,NA,NA,NA,NA,NA,NA
"132",1040337,NA,NA,NA,NA,NA,NA,NA,NA,NA,NA,16.450001,107.583336,"Southeast Asia",354124,70.67,NA,NA,0.930583326447587,NA,NA,NA,NA,NA,0.91,1.04,NA,NA,NA,NA,NA,NA,NA,NA,NA,NA,NA,NA,NA,NA,NA,NA,NA,NA,NA,NA
"133",2196031,NA,NA,NA,NA,NA,NA,NA,NA,NA,NA,17.366,78.476,"South Asia",6809970,650,NA,NA,16,2127659.57446808,NA,NA,NA,NA,0.91,1.1,NA,NA,NA,NA,NA,NA,NA,NA,NA,NA,NA,NA,NA,NA,NA,NA,NA,NA,NA,NA
"134",57719912,12074228,69794140,"A",56407018.0058544,56806629.8351689,56606823.9205116,68481246.0058544,68880857.8351689,68681051.9205116,NA,37.483,126.633333,"East Asia",3002645,1029.43,12.7,34355,49,18400.300413068,NA,NA,NA,42.7,1.37,1.55,2.65,NA,NA,NA,NA,NA,NA,NA,NA,NA,NA,NA,NA,NA,0,1,0,0.0109325943,0.0157162134,0.0157162134
"135",726155.11,1434209.86,2160364.98,"A",NA,NA,NA,NA,NA,NA,NA,39.791,-86.148,"North America",855164,936.1000857,11.7,57511,92,52154.1950113379,NA,NA,NA,22.8,0.97,0.86,2.5,430,NA,NA,NA,NA,NA,NA,NA,NA,NA,NA,NA,NA,4.287e+10,7.662e+11,0.06,0.0176989817,0.0367294791,0.0356646952
"136",1145839,NA,NA,NA,NA,NA,NA,NA,NA,NA,NA,22.723481,75.860184,"South Asia",1994397,389.8,NA,NA,4,1913875.59808612,NA,NA,NA,NA,0.91,1.1,NA,NA,NA,NA,NA,NA,NA,NA,NA,NA,NA,NA,NA,NA,NA,NA,NA,NA,NA,NA
"137",590282,699338,1298620,"A",516968.939252976,553899.619237846,535434.279245411,1225306.93925298,1262237.61923785,1243772.27924541,NA,41.66,-91.5342,"North America",74398,64.7756499,10.5,NA,8.879,NA,NA,NA,NA,16.4,0.97,0.86,2.24,NA,NA,NA,NA,NA,NA,NA,NA,NA,NA,NA,NA,NA,4.287e+10,7.662e+11,0.06,0.0176989817,0.0367294791,0.0356646952
"138",37199137,NA,NA,NA,NA,NA,NA,NA,NA,NA,NA,41.00824,28.978359,"North Africa, Middle East, West Asia",15029231,5343,NA,24867,188.2,17182.507075687,NA,36.14,66.841,NA,1.9,2.06,3.5,17,92,134,159,136,6,124,68,152,54,87,57.39,104,NA,NA,NA,NA,NA,NA
"139",50287659,NA,NA,NA,NA,NA,NA,NA,NA,NA,NA,38.41842,27.14283,"North Africa, Middle East, West Asia",4273677,7340,NA,19885.9910581222,45,15833919.7748065,NA,NA,NA,NA,1.9,2.06,NA,223,NA,NA,NA,NA,NA,NA,NA,NA,NA,NA,NA,NA,NA,NA,NA,NA,NA,NA
"140",7610894,NA,NA,NA,NA,NA,NA,NA,NA,NA,NA,26.926,75.8235,"South Asia",3046189,484.64,NA,NA,6,2008032.12851406,NA,NA,NA,NA,0.91,1.1,NA,NA,NA,NA,NA,NA,NA,NA,NA,NA,NA,NA,NA,NA,NA,NA,NA,NA,NA,NA
"141",NA,NA,27780000,"D",NA,NA,NA,23757076.8633623,24702253.4109391,24229665.1371507,NA,-6.2,106.816667,"Southeast Asia",10075310,664.12,29,9984,70.7,7358.45129059117,NA,35.4,45.937,42.1,0.8,0.93,4.5,22,126,160,122,127,85,159,36,165,50,174,44.81,156,3.178e+10,7.5e+10,0.42,0.0109098013,0.0167237797,0.0142602033
"142",2353555,NA,NA,NA,NA,NA,NA,NA,NA,NA,NA,31.7833,35.2167,"North Africa, Middle East, West Asia",882652,125.156,NA,NA,34.5154778575964,NA,NA,NA,NA,NA,2.08,1.88,NA,NA,96,78,54,153,97,134,123,103,116,113,56.46,108,NA,NA,NA,NA,NA,NA
"143",495170.672101,NA,NA,NA,NA,NA,NA,NA,NA,NA,0.365305620079,46.8,130.316666667,"East Asia",881711,882.5,NA,NA,NA,NA,NA,NA,NA,NA,1.09,1.17,NA,NA,NA,NA,NA,NA,NA,NA,NA,NA,NA,NA,NA,NA,NA,NA,NA,NA,NA,NA
"144",815447.132719,NA,NA,NA,NA,NA,NA,NA,NA,NA,0.49194801888,35.2430555556,113.223055556,"East Asia",865413,413.8,NA,NA,4,4624.27745665,NA,NA,NA,NA,1.09,1.17,NA,NA,NA,NA,NA,NA,NA,NA,NA,NA,NA,NA,NA,NA,NA,NA,NA,NA,NA,NA
"145",2348914.71091,NA,NA,NA,NA,NA,NA,NA,NA,NA,0.944832,43.8666666667,126.55,"East Asia",1975121,3663.9,NA,NA,15,7591.09311741,NA,NA,42.522,NA,1.09,1.17,NA,NA,NA,NA,NA,NA,NA,NA,NA,NA,NA,NA,NA,NA,NA,NA,NA,NA,NA,NA
"146",7731542.72,NA,NA,NA,NA,NA,NA,NA,NA,NA,1.76,36.6666666667,116.983333333,"East Asia",4693700,3304,NA,NA,43.2,9963.099631,NA,NA,42.522,NA,1.09,1.17,NA,NA,NA,NA,NA,NA,NA,NA,NA,NA,NA,NA,NA,NA,NA,NA,NA,NA,NA,NA
"147",778879.269628,NA,NA,NA,NA,NA,NA,NA,NA,NA,0.322290158086,30.3333333333,112.216666667,"East Asia",1154086,1562.2,NA,NA,4,3466.20450607,NA,NA,NA,NA,1.09,1.17,NA,NA,NA,NA,NA,NA,NA,NA,NA,NA,NA,NA,NA,NA,NA,NA,NA,NA,NA,NA
"148",918688.574202,NA,NA,NA,NA,NA,NA,NA,NA,NA,0.613918948728,41.1166666667,121.133333333,"East Asia",1091799,535,NA,NA,NA,NA,NA,NA,NA,NA,1.09,1.17,NA,NA,NA,NA,NA,NA,NA,NA,NA,NA,NA,NA,NA,NA,NA,NA,NA,NA,NA,NA
"149",476065.669992,NA,NA,NA,NA,NA,NA,NA,NA,NA,0.389216009608,45.3,130.966666667,"East Asia",862959,2208.5,NA,NA,NA,NA,NA,NA,NA,NA,1.09,1.17,NA,NA,NA,NA,NA,NA,NA,NA,NA,NA,NA,NA,NA,NA,NA,NA,NA,NA,NA,NA
"150",9068358,15661031,24716713,"A",7205878.22192942,7436752.97671216,7321315.59932079,22854233.2219294,23085107.9767122,22969670.5993208,NA,-26.204,28.045556,"Africa",4434827,1644.98,20,16370,45,11958.5437151209,NA,42.04,59.256,45.66,1.17,1.19,3.37,44,154,150,94,146,150,153,46,169,108,149,44.88,155,0,1,0,0.0122306776,0.0139613383,0.0139613383
"151",404.65,39.14,443.79,"A",NA,NA,NA,NA,NA,NA,NA,38.343,26.553367,"North Africa, Middle East, West Asia",NA,0.23,19,NA,NA,NA,NA,NA,NA,NA,1.9,2.06,NA,NA,NA,NA,NA,NA,NA,NA,NA,NA,NA,NA,NA,NA,3.1e+07,6.32e+08,0.05,0.0255910407,0.0296417873,0.0294430956
"152",882357.931934,NA,NA,NA,NA,NA,NA,NA,NA,NA,0.532027760302,34.8,114.3,"East Asia",826961,546.4,NA,NA,NA,NA,NA,NA,NA,NA,1.09,1.17,NA,NA,NA,NA,NA,NA,NA,NA,NA,NA,NA,NA,NA,NA,NA,NA,NA,NA,NA,NA
"153",43502687.67,15253076.46,58755764.13,"A",42341483.7956896,42497347.1879453,42419415.4918175,57594560.2556896,57750423.6479453,57672491.9518175,NA,22.633,120.266667,"East Asia",2778918,2951.85,25.1,40534,54,19417.4757281553,NA,NA,NA,NA,0.98,0.98,2.65,NA,133,166,112,137,96,144,134,82,14,165,47.24,141,0,1,0,0.0129213814,0.0149246533,0.0149246533
"154",162378,NA,NA,NA,NA,NA,NA,NA,NA,NA,NA,18.2919,99.5047,"Southeast Asia",60100,17.5,NA,NA,NA,NA,NA,NA,NA,NA,0.9,1.29,NA,NA,NA,NA,NA,NA,NA,NA,NA,NA,NA,NA,NA,NA,NA,NA,NA,NA,NA,NA
"155",2061435,1938439,3999874,"A",1877409.88050777,1970110.59069358,1923760.23560068,3815848.88050777,3908549.59069358,3862199.23560068,NA,35.973,-83.942222,"North America",186239,255.1658148,15.2,44697,31,44285.7142857143,NA,NA,NA,19.7,0.97,0.86,2.14,679,NA,NA,NA,NA,NA,NA,NA,NA,NA,NA,NA,NA,4.287e+10,7.662e+11,0.06,0.0176989817,0.0367294791,0.0356646952
"156",1099038,NA,NA,NA,NA,NA,NA,NA,NA,NA,NA,25.18,75.83,"South Asia",1001694,527,NA,NA,1.96483808876787,NA,NA,NA,NA,NA,0.91,1.1,NA,NA,NA,NA,NA,NA,NA,NA,NA,NA,NA,NA,NA,NA,NA,NA,NA,NA,NA,NA
"157",2649621.63815,NA,NA,NA,NA,NA,NA,NA,NA,NA,0.610821812854,25.0666666667,102.683333333,"East Asia",4575000,4615,NA,NA,21,5923.83638928,NA,NA,42.522,NA,1.09,1.17,NA,NA,NA,NA,NA,NA,NA,NA,NA,NA,NA,NA,NA,NA,NA,NA,NA,NA,NA,NA
"158",7684000,NA,NA,NA,NA,NA,NA,NA,NA,NA,NA,35.011636,135.768029,"East Asia",1474811,827.83,NA,NA,NA,NA,NA,NA,85.978,28.6,1.1,1.38,2.09,NA,NA,NA,NA,NA,NA,NA,NA,NA,NA,NA,NA,NA,NA,NA,NA,NA,NA,NA
"159",1152922.4,273611.4,1426533.8,"A",336961.198587457,1003296.90259928,670129.050593369,610572.598587457,1276908.30259928,943740.450593369,NA,-16.5,-68.15,"Latin America & Caribbean",877363,472,13,NA,NA,NA,NA,NA,NA,NA,0.54,0.7,3.66,NA,160,139,161,158,157,139,79,147,122,179,39.25,170,1.786e+10,4.897e+10,0.36,0.0067681954,0.0542131962,0.0369093834
"160",29426266,NA,29426266,"E",25804083.982,26810899.5064,26307491.7442,25804083.982,26810899.5064,26307491.7442,NA,6.455,3.384082,"Africa",2.1e+07,2706.7,30,NA,28,2595.47645532073,NA,NA,NA,NA,0.84,0.56,NA,NA,110,171,162,173,179,168,28,176,179,180,32.87,179,2.5e+10,3.136e+10,0.8,0.0044479022,0.0128907997,0.0061601735
"161",717200,157607,874807,"A",535968.516244541,540363.310277675,538165.913261108,693575.516244541,697970.310277675,695772.913261108,NA,60.983,25.65,"Europe",118885,459.43,4,NA,NA,NA,NA,NA,NA,19,1.78,1.89,1.9,NA,NA,NA,NA,NA,NA,NA,NA,NA,NA,NA,NA,NA,0,1,0,0.0528714133,0.0541853882,0.0541853882
"162",NA,NA,402364,"D",NA,NA,NA,383015.902854,392762.30242775,387889.102640875,NA,42.235,-87.850833,"North America",19388,44.4960282,8.8,NA,NA,NA,NA,NA,NA,29.9,0.97,0.86,2.67,NA,NA,NA,NA,NA,NA,NA,NA,NA,NA,NA,NA,NA,4.287e+10,7.662e+11,0.06,0.0176989817,0.0367294791,0.0356646952
"163",553900,1173960,1727860,"A",404464.784453219,479741.195881073,442102.990167146,1578424.78445322,1653701.19588107,1616062.99016715,NA,39.705,-105.081389,"North America",154393,111.0587712,10.8,NA,NA,NA,NA,NA,NA,25.8,0.97,0.86,2.3,NA,NA,NA,NA,NA,NA,NA,NA,NA,NA,NA,NA,NA,4.287e+10,7.662e+11,0.06,0.0176989817,0.0367294791,0.0356646952
"164",120403.31,NA,NA,NA,NA,NA,NA,NA,NA,NA,NA,18.315,99.5027,"Southeast Asia",58074,22.17,NA,NA,NA,NA,NA,NA,NA,NA,0.9,1.29,NA,NA,NA,NA,NA,NA,NA,NA,NA,NA,NA,NA,NA,NA,NA,NA,NA,NA,NA,NA
"165",364183,214442,578625,"A",304266.312064,334448.710744,319357.511404,518708.312064,548890.710744,533799.511404,NA,40.04,-76.304444,"North America",59218,18.7256277,11.5,NA,24.125,NA,NA,NA,NA,20.7,0.97,0.86,2.59,NA,NA,NA,NA,NA,NA,NA,NA,NA,NA,NA,NA,NA,4.287e+10,7.662e+11,0.06,0.0176989817,0.0367294791,0.0356646952
"166",2649039.26064,NA,NA,NA,NA,NA,NA,NA,NA,NA,0.960298554765,36.0333333333,103.8,"East Asia",2177130,1088,NA,NA,14,5327.24505327,NA,NA,42.522,NA,1.09,1.17,NA,NA,NA,NA,NA,NA,NA,NA,NA,NA,NA,NA,NA,NA,NA,NA,NA,NA,NA,NA
"167",11002925,18654205,29657130,"A",NA,NA,NA,NA,NA,NA,NA,36.175,-115.136389,"North America",632912,351.7724418,21,45744,88,44556.9620253164,NA,NA,NA,25.3,0.97,0.86,2.77,333,NA,NA,NA,NA,NA,NA,NA,NA,NA,NA,NA,NA,4.287e+10,7.662e+11,0.06,0.0176989817,0.0367294791,0.0356646952
"168",456843,45730,499573,"A",NA,NA,NA,NA,NA,NA,NA,46.52,6.6335,"Europe",135629,41.38,12,NA,NA,NA,NA,NA,NA,36.8,1.79,1.74,2,101,NA,NA,NA,NA,NA,NA,NA,NA,NA,NA,NA,NA,0,1,0,0.0038276228,0.007949217,0.007949217
"169",NA,NA,1719600,"D",NA,NA,NA,NA,NA,NA,NA,52.633,-1.133333,"Europe",348343,73.32,9.9,NA,21.03297,30747.0342730588,NA,NA,79.007,41.8,1.99,1.92,2.6,279,NA,NA,NA,NA,NA,NA,NA,NA,NA,NA,NA,NA,1.055e+10,4.099e+10,0.26,0.0181362582,0.0260463068,0.0240104197
"170",94311876.215,NA,NA,NA,NA,NA,NA,NA,NA,NA,NA,21.13,-101.69,"Latin America & Caribbean",1436733,1219.67,NA,NA,NA,NA,NA,NA,NA,NA,1.02,1.03,NA,564,NA,NA,NA,NA,NA,NA,NA,NA,NA,NA,NA,NA,NA,NA,NA,NA,NA,NA
"171",584207.552929,NA,NA,NA,NA,NA,NA,NA,NA,NA,0.562260826104,41.2666666667,123.183333333,"East Asia",527850,210,NA,NA,NA,NA,NA,NA,NA,NA,1.09,1.17,NA,NA,NA,NA,NA,NA,NA,NA,NA,NA,NA,NA,NA,NA,NA,NA,NA,NA,NA,NA
"172",12378734,15432105,27810839,"A",9927850.36643148,11005730.4756541,10466790.4210428,25359955.3664315,26437835.4756541,25898895.4210428,NA,-12.043,-77.028333,"Latin America & Caribbean",8693387,2672.3,18,16530,77.3,8438.86462882096,NA,NA,NA,47.86,1.17,1.46,NA,NA,84,137,55,118,64,118,83,135,124,142,54.61,116,0,1,0,0.0056007279,0.0099975944,0.0099975944
"173",5723315.622,NA,NA,NA,NA,NA,NA,NA,NA,NA,1.2654,35.05,118.35,"East Asia",2303648,2293.3,NA,NA,NA,NA,NA,NA,NA,NA,1.09,1.17,NA,NA,NA,NA,NA,NA,NA,NA,NA,NA,NA,NA,NA,NA,NA,NA,NA,NA,NA,NA
"174",1023910,910451,1934361,"A",NA,NA,NA,NA,NA,NA,NA,38.714,-9.139444,"Europe",545245,100.05,17.3,32434,98.7112,34480.3712978413,NA,46.46,57.575,39.32,1.64,1.89,2.2,261,71,44,39,99,22,110,92,60,86,58,69.42,52,0,1,0,0.0311275785,0.0361368851,0.0361368851
"175",1053120.72358,NA,NA,NA,NA,NA,NA,NA,NA,NA,0.486007416917,24.3166666667,109.383333333,"East Asia",1436599,NA,NA,NA,6,4376.36761488,NA,NA,NA,NA,1.09,1.17,NA,NA,NA,NA,NA,NA,NA,NA,NA,NA,NA,NA,NA,NA,NA,NA,NA,NA,NA,NA
"176",1829808,904042,2733850,"B",1689928.5243046,1711791.31001871,1700859.91716165,2593970.5243046,2615833.31001871,2604901.91716165,NA,46.056,14.508333,"Europe",279756,163.8,NA,NA,21.44869,36911.5771757219,NA,NA,50.469,26.08,1.68,1.78,2.3,339,102,9,88,86,117,75,124,23,94,79,65.58,70,0,1,0,0.0146194223,0.0173276943,0.0173276943
"177",2771000,299000,3070000,"A",1999317.15275,2278965.4115,2139141.282125,2298317.15275,2577965.4115,2438141.282125,NA,42.984,-81.2497,"North America",383822,420.35,7.9,NA,NA,NA,NA,NA,NA,21.1,1.16,1.17,2.9,NA,NA,NA,NA,NA,NA,NA,NA,NA,NA,NA,NA,NA,7.796e+10,1.515e+11,0.51,0.046860437,0.1017275144,0.0734936045
"178",47552,9691,57243,"A",NA,NA,NA,NA,NA,NA,NA,37.371,-122.1375,"North America",8501,22.791912,14.3,NA,NA,NA,NA,NA,NA,23.9,0.97,0.86,2.71,NA,NA,NA,NA,NA,NA,NA,NA,NA,NA,NA,NA,NA,4.287e+10,7.662e+11,0.06,0.0176989817,0.0367294791,0.0356646952
"179",19595119,9429688,29024807,"C",15671710.3628169,17648086.0229419,16659898.1928794,25101398.3628169,27077774.0229419,26089586.1928794,NA,34.05,-118.25,"North America",3976322,1213.8506133,18,65082,731.8,56905.132192846,8.8,55.73,80.731,28.6,0.97,0.86,2.84,1,5,130,11,5,36,130,13,126,15,36,80.82,18,4.287e+10,7.662e+11,0.06,0.0176989817,0.0367294791,0.0356646952
"180",2534080.92912,NA,NA,NA,NA,NA,NA,NA,NA,NA,0.877344,34.6697222222,112.442222222,"East Asia",1926079,810.4,NA,NA,12,6230.52959502,NA,NA,NA,NA,1.09,1.17,NA,NA,NA,NA,NA,NA,NA,NA,NA,NA,NA,NA,NA,NA,NA,NA,NA,NA,NA,NA
"181",7191700,NA,NA,NA,NA,NA,NA,NA,NA,NA,NA,45.7454,4.84195,"Europe",1354476,533.68,NA,NA,87.80433,45554.7075718774,NA,NA,81.555,NA,1.63,1.79,NA,186,NA,NA,NA,NA,NA,NA,NA,NA,NA,NA,NA,NA,NA,NA,NA,NA,NA,NA
"182",6795577,3250803,10257048,"A",5550192.46823987,5644411.40253136,5597301.93538561,9011663.46823987,9105882.40253136,9058772.93538561,NA,40.383,-3.716667,"Europe",3207247,605.77,15,39288,259,40348.9640130862,NA,58.34,76.701,31.21,1.55,1.63,2.5,80,57,52,48,43,15,6,50,66,59,31,77,28,0,1,0,0.0130245903,0.0140906081,0.0140906081
"183",NA,NA,1400000,"D",NA,NA,NA,NA,NA,NA,NA,52.133,11.616667,"Europe",235723,200.95,9.7,NA,NA,NA,NA,NA,NA,23.6,1.58,1.8,1.8,591,NA,NA,NA,NA,NA,NA,NA,NA,NA,NA,NA,NA,8.81e+09,2.222e+10,0.4,0.0079727498,0.0111077293,0.0098647424
"184",462586,1197784,1660370,"A",338124.01314557,348620.651608776,343372.332377173,1535908.01314557,1546404.65160878,1541156.33237717,NA,14.55,121.03,"Southeast Asia",582602,21.73,NA,NA,NA,NA,NA,NA,NA,NA,0.82,1.05,NA,NA,NA,NA,NA,NA,NA,NA,NA,NA,NA,NA,NA,NA,0,1,0,0.0076935557,0.0084021612,0.0084021612
"185",775422,NA,NA,NA,NA,NA,NA,NA,NA,NA,NA,-7.969634,112.633156,"Southeast Asia",887443,145.28,NA,NA,60.1476016590434,NA,NA,NA,NA,NA,0.8,0.93,NA,85,NA,NA,NA,NA,NA,NA,NA,NA,NA,NA,NA,NA,NA,NA,NA,NA,NA,NA
"186",9587290,5302028,14889318,"C",7730420.1820808,8184704.3358448,7957562.2589628,13032448.1820808,13486732.3358448,13259590.2589628,NA,53.467,-2.233333,"Europe",2547700,1280,9.5,35029,82,31696.9462698106,NA,NA,79.007,42.9,1.99,1.92,2.32,82,52,73,22,25,103,125,63,37,100,76,68.59,57,1.055e+10,4.099e+10,0.26,0.0181362582,0.0260463068,0.0240104197
"187",785326,3587094,4372420,"A",655280.79596414,678018.796639157,666649.796301649,4242374.79596414,4265112.79663916,4253743.79630165,NA,-37.814,144.963056,"Oceania",138000,38,15,40244,221.4,54344.6244477172,NA,49.93,88.182,37.32,1.28,1.23,2.1,NA,26,60,5,38,50,22,23,28,29,15,82.06,14,3.161e+10,6.264e+10,0.5,0.0277933709,0.039682077,0.0336826837
"188",16842493.45,6812617.51,23655110.96,"A",12529046.6333425,14883902.5592124,13706474.5962774,19341664.1433425,21696520.0692124,20519092.1062774,NA,19.433,-99.133333,"Latin America & Caribbean",8874724,1485.49,16,19239,255.1,12680.8172192673,3.7,43.33,76.308,75,1.02,1.03,3.4,14,38,138,29,81,56,33,71,154,73,83,62.22,87,2.973e+09,7.8e+09,0.38,0.0078818986,0.0231951974,0.0173584747
"189",3728678,2248100,5976779,"A",NA,NA,NA,NA,NA,NA,NA,45.467,9.183333,"Europe",1350000,182,15.5,41147,358,44777.9862414009,NA,54.73,67.588,26.7,2.01,2.14,1.8,137,56,46,79,35,23,15,69,71,61,14,73.66,38,6.8e+07,7.8e+09,0.01,0.0113831309,0.0151458624,0.0151130591
"190",2890572,1904136,4794708,"A",2483930.42092742,2688771.82124887,2586351.12108814,4388066.42092742,4592907.82124887,4490487.12108814,NA,44.983,-93.266667,"North America",413651,139.7817603,7.9,60544,181,54948.3910139648,18.28,NA,80.731,22.7,0.97,0.86,2.27,81,NA,NA,NA,NA,NA,NA,NA,NA,NA,NA,NA,NA,4.287e+10,7.662e+11,0.06,0.0176989817,0.0367294791,0.0356646952
"191",49910,46598,96508,"A",NA,NA,NA,NA,NA,NA,NA,38.65,-8.983333,"Europe",66029,55.26,17.5,NA,NA,NA,NA,NA,NA,36.86701308699,1.64,1.89,NA,NA,NA,NA,NA,NA,NA,NA,NA,NA,NA,NA,NA,NA,0,1,0,0.0311275785,0.0361368851,0.0361368851
"192",13634331,88611,13722942,"A",9752290.92169859,11159093.9265385,10455692.4241185,9840901.92169859,11247704.9265385,10544303.4241185,NA,45.5,-73.566667,"North America",1704694,431.5,6.8,38867,151,39129.3081109096,NA,51.6,80.122,29.7,1.16,1.17,2.8,27,29,65,8,54,52,90,32,46,47,34,76.49,31,7.796e+10,1.515e+11,0.51,0.046860437,0.1017275144,0.0734936045
"193",1289214,NA,NA,NA,NA,NA,NA,NA,NA,NA,NA,-29.6179,30.3825,"Africa",618536,634,NA,NA,NA,NA,NA,NA,59.256,NA,1.17,1.19,NA,NA,NA,NA,NA,NA,NA,NA,NA,NA,NA,NA,NA,NA,NA,NA,NA,NA,NA,NA
"194",744132.012381,NA,NA,NA,NA,NA,NA,NA,NA,NA,0.462093915341,44.55,129.633333333,"East Asia",965154,2495,NA,NA,4,4145.07772021,NA,NA,NA,NA,1.09,1.17,NA,NA,NA,NA,NA,NA,NA,NA,NA,NA,NA,NA,NA,NA,NA,NA,NA,NA,NA,NA
"195",243527,NA,NA,NA,NA,NA,NA,NA,NA,NA,NA,13.62178,123.194824,"Southeast Asia",115750,101.97,NA,NA,NA,NA,NA,NA,NA,NA,0.82,1.05,NA,NA,NA,NA,NA,NA,NA,NA,NA,NA,NA,NA,NA,NA,NA,NA,NA,NA,NA,NA
"196",7690000,5730000,13420000,"A",7506123.40128279,7529624.57875489,7517873.99001884,13236123.4012828,13259624.5787549,13247873.9900188,NA,35.183,136.9,"East Asia",2215062,326.45,16.1,40144,444,49653.3214046075,NA,NA,NA,30.7,1.1,1.38,2.17,NA,51,38,113,14,147,100,64,32,155,128,63.71,81,0,1,0,0.0025182088,0.0028872234,0.0028872234
"197",1534552.31,NA,NA,NA,NA,NA,NA,NA,NA,NA,NA,21.15,79.09,"South Asia",2497870,227.36,NA,NA,4.71982024568673,NA,NA,NA,NA,NA,0.91,1.1,NA,NA,NA,NA,NA,NA,NA,NA,NA,NA,NA,NA,NA,NA,NA,NA,NA,NA,NA,NA
"198",2484926.25,NA,NA,NA,NA,NA,NA,NA,NA,NA,0.75,28.6833333333,115.883333333,"East Asia",2357839,617,NA,NA,5,2631.57894737,NA,NA,42.522,NA,1.09,1.17,NA,NA,NA,NA,NA,NA,NA,NA,NA,NA,NA,NA,NA,NA,NA,NA,NA,NA,NA,NA
"199",NA,NA,2150000,"D",NA,NA,NA,1997781.966284,2085974.46353,2041878.214907,NA,48.694,6.1846,"Europe",260665,142.3,10.5,NA,NA,NA,NA,NA,NA,24,1.63,1.79,1.9,820,NA,NA,NA,NA,NA,NA,NA,NA,NA,NA,NA,NA,7.7e+08,1.566e+09,0.49,0.0086287785,0.032012112,0.0205145598
"200",9689288.42149,NA,NA,NA,NA,NA,NA,NA,NA,NA,1.55322211,32.05,118.766666667,"East Asia",8335000,6587.02,NA,NA,68.5,9559.02874686,NA,NA,42.522,NA,1.09,1.17,NA,NA,NA,NA,NA,NA,NA,NA,NA,NA,NA,NA,NA,NA,NA,NA,NA,NA,NA,NA
"201",3640328.08198,NA,NA,NA,NA,NA,NA,NA,NA,NA,1.01732512932,22.8166666667,108.316666667,"East Asia",4037000,NA,NA,NA,20,5819.02822229,NA,NA,42.522,NA,1.09,1.17,NA,NA,NA,NA,NA,NA,NA,NA,NA,NA,NA,NA,NA,NA,NA,NA,NA,NA,NA,NA
"202",2076210,NA,NA,NA,NA,NA,NA,NA,NA,NA,NA,47.2181,-1.5528,"Europe",612782,537.7,NA,36011,32.9961,37081.602654008,NA,NA,81.555,NA,1.63,1.79,NA,208,NA,NA,NA,NA,NA,NA,NA,NA,NA,NA,NA,NA,NA,NA,NA,NA,NA,NA
"203",6680194,5801169,12481363,"A",6002247.66073028,6343755.96835472,6173001.8145425,11803416.6607303,12144924.9683547,11974170.8145425,NA,36.155,-86.761944,"North America",660388,1230.5819487,15.1,53193,73,45710.7075767063,NA,NA,NA,24.1,0.97,0.86,2.4,126,NA,NA,NA,NA,NA,NA,NA,NA,NA,NA,NA,NA,4.287e+10,7.662e+11,0.06,0.0176989817,0.0367294791,0.0356646952
"204",4986052,NA,NA,NA,NA,NA,NA,NA,NA,NA,NA,-33,25,"Africa",1152115,1959,NA,NA,NA,NA,NA,NA,59.256,NA,1.17,1.19,NA,NA,NA,NA,NA,NA,NA,NA,NA,NA,NA,NA,NA,NA,NA,NA,NA,NA,NA,NA
"205",2419891,2138684,4558575,"C",2030814.99660732,2226807.92371575,2128811.46016154,4169498.99660733,4365491.92371575,4267495.46016154,NA,29.95,-90.066667,"North America",391495,438.7961058,20.9,58762,61,52270.7797772065,NA,NA,NA,23.4,0.97,0.86,2.38,227,NA,NA,NA,NA,NA,NA,NA,NA,NA,NA,NA,NA,4.287e+10,7.662e+11,0.06,0.0176989817,0.0367294791,0.0356646952
"206",6149934,11083990,17233924,"A",4492239.26608242,4714744.48697322,4603491.87652782,15576229.2660824,15798734.4869732,15687481.8765278,NA,25.011,121.445833,"East Asia",3972204,2052.57,21,NA,NA,NA,NA,NA,NA,NA,0.98,0.98,2.7,NA,NA,NA,NA,NA,NA,NA,NA,NA,NA,NA,NA,NA,0,1,0,0.0129213814,0.0149246533,0.0149246533
"207",38962264,14343743,53306007,"B",30436445.8526564,34731236.6907476,32583841.271702,44780188.8526564,49074979.6907476,46927584.2717021,NA,40.713,-74.0059,"North America",8537673,783.8345736,13,69915,1180.3,62367.2391017173,7.7,72.77,80.731,34.9,0.97,0.86,2.65,3,1,82,6,4,5,11,4,153,2,5,100,1,4.287e+10,7.662e+11,0.06,0.0176989817,0.0367294791,0.0356646952
"208",NA,NA,3352154,"D",NA,NA,NA,3036229.77908,3219270.8111,3127750.29509,NA,43.703,7.2663,"Europe",544977,1465.8,NA,33392,31.75393,37137.4054282904,NA,NA,NA,NA,1.63,1.79,2.1,314,80,27,101,72,51,79,129,19,171,60,65,74,7.7e+08,1.566e+09,0.49,0.0086287785,0.032012112,0.0205145598
"209",6563188.42724,NA,NA,NA,NA,NA,NA,NA,NA,NA,1.26332700063,29.8666666667,121.55,"East Asia",3491597,2461.8,NA,NA,45,12886.5979381,NA,NA,42.522,NA,1.09,1.17,NA,NA,NA,NA,NA,NA,NA,NA,NA,NA,NA,NA,NA,NA,NA,NA,NA,NA,NA,NA
"210",182896,4159,187055,"A",74041.388656452,113488.944900072,93765.166778262,78200.388656452,117647.944900072,97924.166778262,NA,49.317,-123.066667,"North America",52898,11.83,11,NA,NA,NA,NA,NA,NA,NA,1.16,1.17,2.7,NA,NA,NA,NA,NA,NA,NA,NA,NA,NA,NA,NA,NA,7.796e+10,1.515e+11,0.51,0.046860437,0.1017275144,0.0734936045
"211",956414,789413,1745827,"A",537995.7959136,748769.5466956,643382.6713046,1327408.7959136,1538182.5466956,1432795.6713046,NA,37.804,-122.270833,"North America",420005,144.4955421,15.1,NA,411.969,NA,NA,NA,NA,30.3,0.97,0.86,2.53,NA,NA,NA,NA,NA,NA,NA,NA,NA,NA,NA,NA,NA,4.287e+10,7.662e+11,0.06,0.0176989817,0.0367294791,0.0356646952
"212",114000,6802000,6916000,"A",56932.0777359816,64225.9007588512,60578.9892474164,6858932.07773598,6866225.90075885,6862578.98924742,NA,34.65,133.916667,"East Asia",720841,789.92,16.1,35198,29.51945,33346.4183562349,NA,NA,NA,28.6,1.1,1.38,2.23,NA,NA,NA,NA,NA,NA,NA,NA,NA,NA,NA,NA,NA,0,1,0,0.0025182088,0.0028872234,0.0028872234
"213",50040000,NA,NA,NA,NA,NA,NA,NA,NA,NA,NA,34.69,135.52,"East Asia",8864228,1899.28,NA,NA,NA,NA,NA,54.94,85.978,NA,1.1,1.38,NA,NA,33,76,104,27,72,129,55,67,42,104,65.39,72,NA,NA,NA,NA,NA,NA
"214",1094422,246000,1340422,"A",668123.928426976,774710.451140136,721417.189783556,914123.928426976,1020710.45114014,967417.189783556,NA,59.95,10.75,"Europe",660000,454,5.7,52802,142,126334.519572954,NA,NA,77.49,26,2.11,2.27,1.9,45,20,22,77,20,58,18,96,21,72,3,77.75,26,1.088e+11,1.144e+11,0.95,0.0173427142,0.1354560779,0.0231244872
"215",589055.31,36336.28,625391.59,"A",460926.504119036,473591.414434027,467258.959276532,497262.784119036,509927.694434027,503595.239276532,NA,-10.184,-48.333611,"Latin America & Caribbean",265090,2218.93,NA,NA,NA,NA,NA,NA,NA,NA,1.02,1.27,3.2975290845819,377,NA,NA,NA,NA,NA,NA,NA,NA,NA,NA,NA,NA,1.17e+10,1.703e+10,0.69,0.0151203426,0.0204194776,0.0167788505
"216",152631,NA,152631,"E",85768.969320752,119450.011047742,102609.490184247,85768.969320752,119450.011047742,102609.490184247,NA,37.429,-122.138056,"North America",67024,61.8489612,15,NA,NA,NA,NA,NA,NA,23.1,0.97,0.86,2.53,NA,NA,NA,NA,NA,NA,NA,NA,NA,NA,NA,NA,NA,4.287e+10,7.662e+11,0.06,0.0176989817,0.0367294791,0.0356646952
"217",3359242,1836421,5195663,"A",2057699.69228448,2811790.80479297,2434745.24853873,3894120.69228448,4648211.80479297,4271166.24853873,NA,48.857,2.3508,"Europe",2270000,105,13.6,57241,764.2,64702.3960714588,NA,63.87,81.555,33.7,1.63,1.79,1.9,10,11,20,42,7,1,5,45,86,25,8,91.97,3,7.7e+08,1.566e+09,0.49,0.0086287785,0.032012112,0.0205145598
"218",659168,NA,NA,NA,NA,NA,NA,NA,NA,NA,NA,14.5763768,121.0851097,"Southeast Asia",755300,31.46,NA,NA,NA,NA,NA,NA,NA,NA,0.82,1.05,NA,NA,NA,NA,NA,NA,NA,NA,NA,NA,NA,NA,NA,NA,NA,NA,NA,NA,NA,NA
"219",NA,NA,283061,"D",NA,NA,NA,121114.608765652,179801.965211272,150458.286988462,NA,44.3,-78.316667,"North America",81032,64.25,12.1,NA,NA,NA,NA,NA,NA,22.2,1.16,1.17,2.8,NA,NA,NA,NA,NA,NA,NA,NA,NA,NA,NA,NA,NA,7.796e+10,1.515e+11,0.51,0.046860437,0.1017275144,0.0734936045
"220",12397594.06,6815276,19212870.06,"A",10839463.5860587,11624355.3546122,11231909.4703355,17654739.5860587,18439631.3546122,18047185.4703355,NA,39.95,-75.166667,"North America",1567872,347.317659,13.3,57166,314.5,52680.0670016751,NA,NA,NA,32.5,0.97,0.86,2.59,93,13,104,28,10,128,29,22,94,18,50,76.59,30,4.287e+10,7.662e+11,0.06,0.0176989817,0.0367294791,0.0356646952
"221",480265,NA,NA,NA,NA,NA,NA,NA,NA,NA,NA,7.88875,98.39779,"Southeast Asia",75573,12,NA,NA,NA,NA,NA,NA,NA,NA,0.9,1.29,NA,NA,NA,NA,NA,NA,NA,NA,NA,NA,NA,NA,NA,NA,NA,NA,NA,NA,NA,NA
"222",NA,NA,615452,"D",NA,NA,NA,NA,NA,NA,NA,45.048,9.700556,"Europe",100413,118.46,11.8,NA,NA,NA,NA,NA,NA,NA,2.01,2.14,2.1,958,NA,NA,NA,NA,NA,NA,NA,NA,NA,NA,NA,NA,6.8e+07,7.8e+09,0.01,0.0113831309,0.0151458624,0.0151130591
"223",17876,25566,43442,"A",6809.3877382208,12384.0767744168,9596.7322563188,32375.3877382208,37950.0767744168,35162.7322563188,NA,37.817,-122.233333,"North America",11353,4.3511832,15,NA,NA,NA,NA,NA,NA,28.2,0.97,0.86,2.91,NA,NA,NA,NA,NA,NA,NA,NA,NA,NA,NA,NA,NA,4.287e+10,7.662e+11,0.06,0.0176989817,0.0367294791,0.0356646952
"224",3185501,NA,NA,NA,NA,NA,NA,NA,NA,NA,NA,18.6298,73.7997,"South Asia",1729320,171.51,NA,NA,3.39320208282499,NA,NA,NA,NA,NA,0.91,1.1,NA,NA,NA,NA,NA,NA,NA,NA,NA,NA,NA,NA,NA,NA,NA,NA,NA,NA,NA,NA
"225",929863.268202,NA,NA,NA,NA,NA,NA,NA,NA,NA,0.459777528012,33.7333333333,113.3,"East Asia",979130,384,NA,NA,7,6769.82591876,NA,NA,NA,NA,1.09,1.17,NA,NA,NA,NA,NA,NA,NA,NA,NA,NA,NA,NA,NA,NA,NA,NA,NA,NA,NA,NA
"226",2768427.4,2200856.14,4969246.69,"B",2419158.03673442,2466038.95831407,2442598.49752425,4619977.32673442,4666858.24831407,4643417.78752425,NA,22.675,120.491414,"East Asia",839001,2775.6003,25,NA,NA,NA,NA,NA,NA,NA,0.98,0.98,3.06,NA,NA,NA,NA,NA,NA,NA,NA,NA,NA,NA,NA,NA,0,1,0,0.0129213814,0.0149246533,0.0149246533
"227",2073556,2729490,4803046,"A",1768276.48052022,1922057.81395473,1845167.14723747,4497766.48052022,4651547.81395473,4574657.14723747,NA,40.44,-79.976389,"North America",303625,143.4077463,11.1,58615,116,49277.8249787596,NA,NA,NA,23.4,0.97,0.86,2.13,131,NA,NA,NA,NA,NA,NA,NA,NA,NA,NA,NA,NA,4.287e+10,7.662e+11,0.06,0.0176989817,0.0367294791,0.0356646952
"228",4610317,2364227,6974544,"A",3991817.00266598,4303379.84344006,4147598.42305302,6356044.00266598,6667606.84344006,6511825.42305302,NA,45.52,-122.681944,"North America",639863,345.5823657,12.5,67639,155.23932,66772.1560094128,12.26,NA,80.731,25.1,0.97,0.86,2.34,40,NA,NA,NA,NA,NA,NA,NA,NA,NA,NA,NA,NA,4.287e+10,7.662e+11,0.06,0.0176989817,0.0367294791,0.0356646952
"229",NA,NA,1020000,"D",NA,NA,NA,778218.509218809,811734.336999108,794976.423108958,NA,41.162,-8.621953,"Europe",287591,41.42,15.2,21674,30.39974,23201.7993759884,NA,NA,NA,30.83,1.64,1.89,2.3,228,91,32,133,151,55,145,151,17,161,73,59.1,98,0,1,0,0.0311275785,0.0361368851,0.0361368851
"230",NA,NA,2829128,"D",NA,NA,NA,2167003.88753129,2232451.64101773,2199727.76427451,NA,-30.033,-51.23,"Latin America & Caribbean",1481019,496.827,19.5,15078,68,17176.0545592321,NA,NA,NA,27.7,1.02,1.27,2.73811696587315,125,168,79,83,97,136,102,109,128,150,106,54.15,117,1.17e+10,1.703e+10,0.69,0.0151203426,0.0204194776,0.0167788505
"231",4648959,10589996,15236693,"A",3398023.08832,3553090.28704,3475556.68768,13985757.08832,14140824.28704,14063290.68768,NA,-25.667,28.333333,"Africa",3200000,6298,17,16696,34,23160.7629427793,NA,NA,59.256,51.45,1.17,1.19,3.4,191,165,140,158,114,175,179,44,114,173,154,41.16,165,0,1,0,0.0122306776,0.0139613383,0.0139613383
"232",235623,NA,NA,NA,NA,NA,NA,NA,NA,NA,NA,-7.777007,113.202187,"Southeast Asia",223159,56.67,NA,NA,NA,NA,NA,NA,NA,NA,0.8,0.93,NA,NA,NA,NA,NA,NA,NA,NA,NA,NA,NA,NA,NA,NA,NA,NA,NA,NA,NA,NA
"233",4661066,NA,NA,NA,NA,NA,NA,NA,NA,NA,NA,18.5203,73.8567,"South Asia",3124458,243.84,NA,NA,19,3875178.46216602,NA,NA,NA,NA,0.91,1.1,NA,NA,NA,NA,NA,NA,NA,NA,NA,NA,NA,NA,NA,NA,NA,NA,NA,NA,NA,NA
"234",14564735.0219,NA,NA,NA,NA,NA,NA,NA,NA,NA,2.53942811037,36.0666666667,120.383333333,"East Asia",6188100,3239,NA,NA,48.1,12933.5842969,NA,NA,42.522,NA,1.09,1.17,NA,NA,NA,NA,NA,NA,NA,NA,NA,NA,NA,NA,NA,NA,NA,NA,NA,NA,NA,NA
"235",1447990.44292,NA,NA,NA,NA,NA,NA,NA,NA,NA,0.6119075299,47.35,123.916666667,"East Asia",1481637,4039.3,NA,NA,7,4504.5045045,NA,NA,NA,NA,1.09,1.17,NA,NA,NA,NA,NA,NA,NA,NA,NA,NA,NA,NA,NA,NA,NA,NA,NA,NA,NA,NA
"236",713312132,NA,NA,NA,NA,NA,NA,NA,NA,NA,NA,14.67604,121.0437,"Southeast Asia",2936116,165.33,NA,NA,21.2950151285694,NA,NA,NA,NA,NA,0.82,1.05,NA,NA,NA,NA,NA,NA,NA,NA,NA,NA,NA,NA,NA,NA,NA,NA,NA,NA,NA,NA
"237",4653611,579739,5233350,"A",3709103.59721952,4314146.61701377,4011625.10711664,4288842.59721952,4893885.61701377,4591364.10711664,NA,-0.217,-78.516667,"Latin America & Caribbean",2550000,4232,22,NA,NA,NA,NA,NA,NA,28.95,0.29,0.6,NA,NA,107,86,171,135,120,96,38,118,160,161,51.05,130,0,2.4e+08,0,0.005414334,0.0150645511,0.0150645511
"238",2019912,NA,NA,NA,NA,NA,NA,NA,NA,NA,NA,22.3039,70.80216,"South Asia",1442975,170,NA,NA,2.68891916161351,NA,NA,NA,NA,NA,0.91,1.1,NA,NA,NA,NA,NA,NA,NA,NA,NA,NA,NA,NA,NA,NA,NA,NA,NA,NA,NA,NA
"239",11115,307.46,11419,"A",NA,NA,NA,NA,NA,NA,NA,44.417,12.2,"Europe",158784,652.89,14.1,NA,NA,NA,NA,NA,NA,NA,2.01,2.14,2.1,NA,NA,NA,NA,NA,NA,NA,NA,NA,NA,NA,NA,NA,6.8e+07,7.8e+09,0.01,0.0113831309,0.0151458624,0.0151130591
"240",1333830,371415,1705245,"B",570118.404294438,645607.587227398,607862.995760918,941533.404294438,1017022.5872274,979277.995760918,NA,-8.05,-34.9,"Latin America & Caribbean",1555039,218,26,10359,36,9753.45434841506,NA,NA,NA,34.9,1.02,1.27,3.24669572643036,106,173,144,134,148,166,150,93,132,114,116,45.4,151,1.17e+10,1.703e+10,0.69,0.0151203426,0.0204194776,0.0167788505
"241",1371400,1180239,2551639,"B",1134734.07571013,1253952.03529624,1194343.05550318,2314973.07571013,2434191.03529624,2374582.05550318,NA,39.527,-119.821944,"North America",245255,266.7948699,10.4,NA,20.554,NA,NA,NA,NA,19.4,0.97,0.86,2.47,691,NA,NA,NA,NA,NA,NA,NA,NA,NA,NA,NA,NA,4.287e+10,7.662e+11,0.06,0.0176989817,0.0367294791,0.0356646952
"242",346630,NA,346630,"E",262694.884690864,262694.884690864,262694.884690864,262694.884690864,262694.884690864,262694.884690864,NA,64.133,-21.933333,"Europe",123246,273,6,NA,NA,NA,NA,NA,NA,21.1,1.86,1.85,2.96,NA,NA,NA,NA,NA,NA,NA,NA,NA,NA,NA,NA,NA,0,1,0,0.0244788722,0.0244788722,0.0244788722
"243",1470127,1682371,3152498,"A",NA,NA,NA,NA,NA,NA,NA,37.533,-77.466667,"North America",223170,154.9073019,15,56933,68,53882.7258320127,NA,NA,NA,21.9,0.97,0.86,2.33,701,NA,NA,NA,NA,NA,NA,NA,NA,NA,NA,NA,NA,4.287e+10,7.662e+11,0.06,0.0176989817,0.0367294791,0.0356646952
"244",16171534,4096511,20268045,"A",13128762.1478054,13429525.3708141,13279143.7593098,17225273.1478054,17526036.3708141,17375654.7593098,NA,-22.908,-43.196389,"Latin America & Caribbean",6500000,1224,23.7,14176,180.9,15283.8796890842,1,35.91,82.834,42.6,1.02,1.27,2.94,29,155,90,76,85,60,43,75,170,102,95,54.84,114,1.17e+10,1.703e+10,0.69,0.0151203426,0.0204194776,0.0167788505
"245",NA,NA,1971679,"D",NA,NA,NA,1873350.7220397,1922882.55347347,1898116.63775658,NA,37.267,-79.933333,"North America",99660,110.2299744,14,NA,14.249,NA,NA,NA,NA,19.2,0.97,0.86,2.29,793,NA,NA,NA,NA,NA,NA,NA,NA,NA,NA,NA,NA,4.287e+10,7.662e+11,0.06,0.0176989817,0.0367294791,0.0356646952
"246",NA,NA,10008879,"D",NA,NA,NA,NA,NA,NA,NA,41.9,12.5,"Europe",2890000,1285,16,38025,189.91929,46580.6757166417,NA,45.99,67.588,37.7,2.01,2.14,2.1,114,78,36,89,41,9,65,60,115,60,16,71.64,43,6.8e+07,7.8e+09,0.01,0.0113831309,0.0151458624,0.0151130591
"247",3687016,NA,NA,NA,NA,NA,NA,NA,NA,NA,NA,-32.9442,-60.6505,"Latin America & Caribbean",1193605,178.69,NA,NA,15,11857707.5098814,NA,NA,NA,NA,1.33,1.52,NA,NA,150,88,127,112,141,115,176,111,141,103,47.49,139,NA,NA,NA,NA,NA,NA
"248",17840039,NA,34190633,"C",NA,NA,NA,NA,NA,NA,NA,51.917,4.5,"Europe",620000,208,11,45265,65.48175,43570.95994613,NA,NA,NA,13.3333333333333,1.8,2.15,1.9,357,60,71,53,61,111,106,120,30,93,9,68.26,59,6.342e+10,8.152e+10,0.78,0.0136552404,0.0287396254,0.0170044476
"249",3242166,366395,3698964,"A",1878348.21192842,2013154.97808187,1945751.59500515,2335146.21192842,2469952.97808187,2402549.59500515,NA,-12.975,-38.476667,"Latin America & Caribbean",2920000,693,26,10070,49,13710.1287073307,NA,NA,NA,33.9,1.02,1.27,3.09846347656909,52,174,101,148,110,132,66,106,155,131,121,49.62,135,1.17e+10,1.703e+10,0.69,0.0151203426,0.0204194776,0.0167788505
"250",7214051,8520711,15734762,"A",5815994.94816,6520250.91736,6168122.93276,14336705.94816,15040961.91736,14688833.93276,NA,29.417,-98.5,"North America",1492510,1193.8040907,27,44232,85,39516.5039516504,NA,NA,NA,23.7,0.97,0.86,2.85,204,NA,NA,NA,NA,NA,NA,NA,NA,NA,NA,NA,NA,4.287e+10,7.662e+11,0.06,0.0176989817,0.0367294791,0.0356646952
"251",88330,NA,NA,NA,NA,NA,NA,NA,NA,NA,NA,10,123,"Southeast Asia",132536,451.5,NA,NA,NA,NA,NA,NA,NA,NA,0.82,1.05,NA,NA,NA,NA,NA,NA,NA,NA,NA,NA,NA,NA,NA,NA,NA,NA,NA,NA,NA,NA
"252",NA,NA,12624227,"D",NA,NA,NA,11226170.94816,11930426.91736,11578298.93276,NA,32.715,-117.1625,"North America",1406630,842.2388481,17.6,62295,172.9,55630.6306306306,NA,NA,80.731,23.2,0.97,0.86,2.73,47,NA,NA,NA,NA,NA,NA,NA,NA,NA,NA,NA,NA,4.287e+10,7.662e+11,0.06,0.0176989817,0.0367294791,0.0356646952
"253",4186111,1131352,5381687,"A",3322495.82676567,3757532.84837972,3540014.3375727,4518071.82676567,4953108.84837972,4735590.33757269,NA,37.783,-122.416667,"North America",870887,121.3928313,10.4,72390,283.3,65156.3937442502,NA,52.39,80.731,29.15,0.97,0.86,2.32,4,2,58,20,9,45,23,12,100,16,24,88.46,5,4.287e+10,7.662e+11,0.06,0.0176989817,0.0367294791,0.0356646952
"254",1166,NA,NA,NA,NA,NA,NA,NA,NA,NA,NA,8,-75,"Latin America & Caribbean",460223,3141,NA,NA,NA,NA,NA,NA,NA,NA,1.04,1.08,NA,NA,NA,NA,NA,NA,NA,NA,NA,NA,NA,NA,NA,NA,NA,NA,NA,NA,NA,NA
"255",1096122.89,224507.1,1320629.99,"A",695516.859181823,914221.186766977,804869.0229744,920023.959181824,1138728.28676698,1029376.1229744,NA,22.151,-100.976111,"Latin America & Caribbean",824229,1471.71,21,NA,16.63222,13178.6494756976,NA,NA,NA,NA,1.02,1.03,3.8,467,NA,NA,NA,NA,NA,NA,NA,NA,NA,NA,NA,NA,2.973e+09,7.8e+09,0.38,0.0078818986,0.0231951974,0.0173584747
"256",119026,215565,334591,"B",27153.7451648,73433.4231408,50293.5841528,242718.7451648,288998.4231408,265858.5841528,NA,34.022,-118.481389,"North America",92478,21.8077158,20,NA,NA,NA,NA,NA,NA,26.1,0.97,0.86,1.94,NA,NA,NA,NA,NA,NA,NA,NA,NA,NA,NA,NA,NA,4.287e+10,7.662e+11,0.06,0.0176989817,0.0367294791,0.0356646952
"257",1358351,NA,NA,NA,NA,NA,NA,NA,NA,NA,NA,14.2843,121.088893,"Southeast Asia",353767,54.84,NA,NA,NA,NA,NA,NA,NA,NA,0.82,1.05,NA,NA,NA,NA,NA,NA,NA,NA,NA,NA,NA,NA,NA,NA,NA,NA,NA,NA,NA,NA
"258",245483,86235,331717,"A",NA,NA,NA,NA,NA,NA,NA,39.233,-8.683333,"Europe",61752,552.54,16,NA,NA,NA,NA,NA,NA,20.1123612183103,1.64,1.89,NA,NA,NA,NA,NA,NA,NA,NA,NA,NA,NA,NA,NA,NA,0,1,0,0.0311275785,0.0361368851,0.0361368851
"259",23120027.8,8306669,31426696.8,"A",18362773.3358874,19932444.6538244,19147608.9948559,26669442.3358874,28239113.6538244,27454277.9948559,NA,-33.45,-70.666667,"Latin America & Caribbean",7310000,641,14,23929,93,15166.3405088063,NA,NA,NA,37.09,1.09,1.52,3.5,NA,40,39,110,71,71,91,125,79,129,96,62.74,85,0,1,0,0.0155646043,0.02322913,0.02322913
"260",NA,NA,4174608,"D",NA,NA,NA,3158858.93051627,3725713.73007097,3442286.33029362,NA,3.421,-76.522222,"Latin America & Caribbean",2400653,619,24.7,NA,NA,NA,NA,NA,NA,NA,1.04,1.08,NA,60,NA,NA,NA,NA,NA,NA,NA,NA,NA,NA,NA,NA,0,1,0,0.006765019,0.0153077511,0.0153077511
"261",5429899,1357475,6787374,"A",4438265.58382082,5073497.10756292,4755881.34569187,5795740.58382082,6430972.10756292,6113356.34569187,NA,-2.183,-79.883333,"Latin America & Caribbean",3500000,344.5,26,NA,NA,NA,NA,NA,NA,NA,0.29,0.6,NA,133,NA,NA,NA,NA,NA,NA,NA,NA,NA,NA,NA,NA,0,2.4e+08,0,0.005414334,0.0150645511,0.0150645511
"262",15880130.359,NA,NA,NA,NA,NA,NA,NA,NA,NA,NA,-23.5505,-46.633309,"Latin America & Caribbean",12106920,1521.11,NA,20650,437,22200.7722007722,0.9,42.7,82.834,NA,1.02,1.27,NA,6,NA,NA,NA,NA,NA,NA,NA,NA,NA,NA,NA,NA,NA,NA,NA,NA,NA,NA
"263",13024847.61,NA,NA,NA,NA,NA,NA,NA,NA,NA,NA,43.062,141.3544,"East Asia",1880863,1121.26,NA,32446,67.19166,30484.2147480249,NA,NA,85.978,28,1.1,1.38,2.12,NA,NA,NA,NA,NA,NA,NA,NA,NA,NA,NA,NA,NA,NA,NA,NA,NA,NA,NA
"264",2381327,1228219,3609546,"A",2235855.27336019,2309135.11911536,2272495.19623777,3464074.27336019,3537354.11911536,3500714.19623777,NA,32.017,-81.116667,"North America",146763,267.1574685,19,NA,15.905,NA,NA,NA,NA,19.7,0.97,0.86,2.51,NA,NA,NA,NA,NA,NA,NA,NA,NA,NA,NA,NA,NA,4.287e+10,7.662e+11,0.06,0.0176989817,0.0367294791,0.0356646952
"265",5150000,72000,5222000,"C",4488519.76518656,4821733.44661376,4655126.60590016,4560519.76518656,4893733.44661376,4727126.60590016,NA,47.61,-122.333056,"North America",704352,217.4037606,11,73012,211,61177.1527979125,13.5,NA,80.731,27.6,0.97,0.86,2.12,23,NA,NA,NA,NA,NA,NA,NA,NA,NA,NA,NA,NA,4.287e+10,7.662e+11,0.06,0.0176989817,0.0367294791,0.0356646952
"266",8131.48208,NA,NA,NA,NA,NA,NA,NA,NA,NA,NA,5.377294,100.400146,"Southeast Asia",818197,751,NA,NA,NA,NA,NA,NA,NA,NA,0.65,0.68,NA,NA,NA,NA,NA,NA,NA,NA,NA,NA,NA,NA,NA,NA,NA,NA,NA,NA,NA,NA
"267",1770297.41,NA,NA,NA,NA,NA,NA,NA,NA,NA,NA,-6.96667,109.417,"Southeast Asia",1555984,373.78,NA,NA,9,5784061.6966581,NA,NA,NA,NA,0.8,0.93,NA,143,NA,NA,NA,NA,NA,NA,NA,NA,NA,NA,NA,NA,NA,NA,NA,NA,NA,NA
"268",6573042,NA,NA,NA,NA,NA,NA,NA,NA,NA,NA,38.2681,140.87,"East Asia",1025126,786.3,NA,33765.3546131086,52.09355,NA,NA,NA,NA,28.5,1.1,1.38,2.18,NA,NA,NA,NA,NA,NA,NA,NA,NA,NA,NA,NA,NA,NA,NA,NA,NA,NA,NA
"269",25082520,22530144,47612664,"A",20551223.489917,21930435.8982568,21240829.6940869,43081367.489917,44460579.8982568,43770973.6940869,NA,37.567,126.966667,"East Asia",9995784,605.21,12.1,34355,233.3,23820.7065550337,4.1,61.83,81.345,47.95,1.37,1.55,2.47,NA,14,53,24,15,19,2,39,59,4,78,84.91,7,0,1,0,0.0109325943,0.0157162134,0.0157162134
"270",47538733.2263,NA,NA,NA,NA,NA,NA,NA,NA,NA,2.35133671793,31.2286111111,121.474722222,"East Asia",23019196,6341,NA,15288.7139108,250.7,11234.5955635,10.9,52.89,42.522,NA,1.09,1.17,NA,NA,79,165,61,12,12,4,148,163,7,102,63.73,80,NA,NA,NA,NA,NA,NA
"271",2213793,NA,NA,NA,NA,NA,NA,NA,NA,NA,0.6,23.35,116.666666667,"East Asia",5389328,2248.39,NA,NA,18,3376.47720878,NA,NA,NA,NA,1.09,1.17,NA,NA,NA,NA,NA,NA,NA,NA,NA,NA,NA,NA,NA,NA,NA,NA,NA,NA,NA,NA
"272",12745308,NA,NA,NA,NA,NA,NA,NA,NA,NA,2.04,41.8,123.4,"East Asia",6255921,3464,NA,NA,64.3,10511.6887363,NA,NA,42.522,NA,1.09,1.17,NA,NA,139,178,137,147,137,111,172,143,36,129,42.7,162,NA,NA,NA,NA,NA,NA
"273",20444357.3118,NA,NA,NA,NA,NA,NA,NA,NA,NA,1.97370200148,22.55,114.1,"East Asia",12528300,2050,NA,NA,141.5,13605.7692308,NA,40.04,42.522,NA,1.09,1.17,NA,NA,94,162,149,49,18,36,177,146,27,81,53.96,118,NA,NA,NA,NA,NA,NA
"274",6524736.36402,NA,NA,NA,NA,NA,NA,NA,NA,NA,1.26813755136,38.0666666667,114.483333333,"East Asia",4303700,15848,NA,NA,18,6289.3081761,NA,NA,42.522,NA,1.09,1.17,NA,NA,NA,NA,NA,NA,NA,NA,NA,NA,NA,NA,NA,NA,NA,NA,NA,NA,NA,NA
"275",218896,NA,NA,NA,NA,NA,NA,NA,NA,NA,NA,31.10482,77.173403,"South Asia",169578,35.34,NA,NA,0.333092313265448,NA,NA,NA,NA,NA,0.91,1.1,NA,NA,NA,NA,NA,NA,NA,NA,NA,NA,NA,NA,NA,NA,NA,NA,NA,NA,NA,NA
"276",46831680,NA,NA,NA,NA,NA,NA,NA,NA,NA,NA,1.283333,103.833333,"Southeast Asia",5607300,719.9,NA,66864,222.7,43786.8659064098,NA,66.16,100,NA,1.16,1.58,NA,715,21,10,15,56,25,89,19,75,30,88,79.22,22,NA,NA,NA,NA,NA,NA
"277",461798,124510,586308,"A",383007.55536416,422697.40962836,402852.48249626,507517.55536416,547207.40962836,527362.48249626,NA,42.388,-71.1,"North America",81322,10.6707588,NA,NA,NA,NA,NA,NA,NA,29.7,0.97,0.86,2.35,NA,NA,NA,NA,NA,NA,NA,NA,NA,NA,NA,NA,NA,4.287e+10,7.662e+11,0.06,0.0176989817,0.0367294791,0.0356646952
"278",980290,133680.5,1113971,"A",677302.014402934,707250.905581017,692276.459991976,810983.014402934,840931.905581017,825957.459991976,NA,-23.502,-47.458056,"Latin America & Caribbean",644919,450.38,20.8,NA,21,16380.6552262091,NA,NA,NA,NA,1.02,1.27,3.25437835963239,362,NA,NA,NA,NA,NA,NA,NA,NA,NA,NA,NA,NA,1.17e+10,1.703e+10,0.69,0.0151203426,0.0204194776,0.0167788505
"279",2481945.42,6153317.9,8703679.12,"A",2163094.77070271,2323712.41743825,2243403.59407048,8384828.47070271,8545446.11743825,8465137.29407048,NA,38.627,-90.197778,"North America",311404,160.3462809,13.9,50070,125,43998.5920450546,NA,NA,NA,23.6,0.97,0.86,2.2,329,NA,NA,NA,NA,NA,NA,NA,NA,NA,NA,NA,NA,4.287e+10,7.662e+11,0.06,0.0176989817,0.0367294791,0.0356646952
"280",1834343,859099,2693442,"B",937311.483981331,1000320.54442612,968816.014203727,1796410.48398133,1859419.54442612,1827915.01420373,NA,59.329,18.068611,"Europe",901000,216,7,56250,143,71428.5714285714,NA,56.67,84.319,35,1.82,1.82,2.11326885192076,116,24,4,30,75,37,7,81,54,55,66,77.76,25,0,1,0,0.0322533841,0.0346900756,0.0346900756
"281",16255462,NA,NA,NA,NA,NA,NA,NA,NA,NA,NA,21.178284,72.807696,"South Asia",4467797,326.515,NA,NA,14,3206596.42693541,NA,NA,NA,NA,0.91,1.1,NA,NA,NA,NA,NA,NA,NA,NA,NA,NA,NA,NA,NA,NA,NA,NA,NA,NA,NA,NA
"282",3670140,2710235,5775155,"A",3132405.92376293,3296078.61847249,3214242.27111771,5237420.92376293,5401093.61847249,5319257.27111771,NA,37.267,127.016667,"East Asia",1170878,121.04,13.1,NA,NA,NA,NA,NA,NA,43.5,1.37,1.55,2.68,NA,NA,NA,NA,NA,NA,NA,NA,NA,NA,NA,NA,NA,0,1,0,0.0109325943,0.0157162134,0.0157162134
"283",10917942.385,NA,NA,NA,NA,NA,NA,NA,NA,NA,1.48958612877,31.3,120.6,"East Asia",10465994,8488.42,NA,NA,52.7,12935.6897398,NA,NA,NA,NA,1.09,1.17,NA,NA,129,173,132,92,82,60,178,113,32,2,51.27,129,NA,NA,NA,NA,NA,NA
"284",359064,3197465,3556529,"A",165405.67952832,199266.236357417,182335.957942868,3362870.67952832,3396731.23635742,3379800.95794287,NA,-33.865,151.209444,"Oceania",205000,26,20,46344,268.9,58545.6128891792,NA,58.33,88.182,33,1.28,1.23,2.1,NA,17,30,37,37,33,71,16,58,24,20,81.14,16,3.161e+10,6.264e+10,0.5,0.0277933709,0.039682077,0.0336826837
"285",2019794.06653,NA,NA,NA,NA,NA,NA,NA,NA,NA,0.730166833573,36.2,117.083333333,"East Asia",1735425,2086.8,NA,NA,NA,NA,NA,NA,NA,NA,1.09,1.17,NA,NA,NA,NA,NA,NA,NA,NA,NA,NA,NA,NA,NA,NA,NA,NA,NA,NA,NA,NA
"286",6493593,8463811,14957404,"A",5363279.15821356,5514996.31451305,5439137.7363633,13827090.1582136,13978807.314513,13902948.7363633,NA,25.033,121.633333,"East Asia",2704974,271.8,23,46102,160.3,23549.2874981637,NA,53.32,71.335,35.28,0.98,0.98,2.63,NA,90,157,44,28,29,99,26,42,1,131,68.65,56,0,1,0,0.0129213814,0.0149246533,0.0149246533
"287",3380932.83274,NA,NA,NA,NA,NA,NA,NA,NA,NA,0.974897781548,37.8694444444,112.560277778,"East Asia",3212500,1460,NA,NA,24,7003.20980449,NA,NA,42.522,NA,1.09,1.17,NA,NA,NA,NA,NA,NA,NA,NA,NA,NA,NA,NA,NA,NA,NA,NA,NA,NA,NA,NA
"288",5782654.8678,NA,NA,NA,NA,NA,NA,NA,NA,NA,1.501608,39.6230555556,118.176111111,"East Asia",3187171,3874,NA,NA,33.6,11067.1936759,NA,NA,NA,NA,1.09,1.17,NA,NA,NA,NA,NA,NA,NA,NA,NA,NA,NA,NA,NA,NA,NA,NA,NA,NA,NA,NA
"289",21143194.6,14621331.42,35764526.0208,"A",20243259.0796205,20364053.5465705,20303656.3130955,34864590.5004205,34985384.9673705,34924987.7338955,NA,24.991,121.314328,"East Asia",2116988,1220.95,23,42168,NA,NA,NA,NA,NA,NA,0.98,0.98,2.89,NA,NA,NA,NA,NA,NA,NA,NA,NA,NA,NA,NA,NA,0,1,0,0.0129213814,0.0149246533,0.0149246533
"290",4077107,NA,NA,NA,NA,NA,NA,NA,NA,NA,NA,19.1724,72.957,"South Asia",1886941,147,NA,NA,3.7024796633173,NA,NA,NA,NA,NA,0.91,1.1,NA,NA,NA,NA,NA,NA,NA,NA,NA,NA,NA,NA,NA,NA,NA,NA,NA,NA,NA,NA
"291",34806608.2,NA,NA,NA,NA,NA,NA,NA,NA,NA,3.64,39.1333333333,117.183333333,"East Asia",12784000,174.9,NA,NA,128.8,11614.0667268,10.8,NA,42.522,NA,1.09,1.17,NA,NA,106,174,155,51,145,42,180,112,57,148,41.73,164,NA,NA,NA,NA,NA,NA
"292",27611000,42515000,70125000,"A",26518519.2672671,26658148.6913695,26588333.9793183,69032519.2672671,69172148.6913696,69102333.9793183,NA,35.683,139.683333,"East Asia",12576611,2190.93,16.6,43664,1874.7,51443.3894956369,4.4,66.6,85.978,43.8,1.1,1.38,2.02,NA,6,8,91,6,20,21,33,96,5,86,84.85,8,0,1,0,0.0025182088,0.0028872234,0.0028872234
"293",4378317,NA,NA,NA,NA,NA,NA,NA,NA,NA,NA,19.28261,-99.655665,"Latin America & Caribbean",873536,452.37,NA,NA,12,6500541.71180932,NA,NA,NA,NA,1.02,1.03,NA,497,NA,NA,NA,NA,NA,NA,NA,NA,NA,NA,NA,NA,NA,NA,NA,NA,NA,NA
"294",NA,NA,3496156,"D",NA,NA,NA,NA,NA,NA,NA,45.067,7.7,"Europe",892649,130.17,15,34284,67.32928,38236.6540837785,NA,NA,67.588,27.22,2.01,2.14,2,321,103,17,50,109,92,32,139,80,99,12,67.53,61,6.8e+07,7.8e+09,0.01,0.0113831309,0.0151458624,0.0151130591
"295",16151019,2169947,18320966,"A",NA,NA,NA,NA,NA,NA,NA,43.7,-79.4,"North America",2810000,634,8,45771,270,47030.1341229751,9.8,58.16,80.122,32.8,1.16,1.17,2.9,53,15,37,2,32,43,51,18,44,26,45,82.85,11,7.796e+10,1.515e+11,0.51,0.046860437,0.1017275144,0.0734936045
"296",NA,NA,260331,"D",NA,NA,NA,NA,NA,NA,NA,39.083,-9.266667,"Europe",79465,407.15,15,NA,NA,NA,NA,NA,NA,19.9896757810496,1.64,1.89,NA,NA,NA,NA,NA,NA,NA,NA,NA,NA,NA,NA,NA,NA,0,1,0,0.0311275785,0.0361368851,0.0361368851
"297",2571089,4088012,6659101,"A",2041979.70800917,2308512.92515258,2175246.31658087,6129991.70800917,6396524.92515258,6263258.31658087,NA,32.222,-110.926389,"North America",530706,587.1766329,21.6,41117,37,37525.354969574,NA,NA,NA,22.4,0.97,0.86,2.45,717,NA,NA,NA,NA,NA,NA,NA,NA,NA,NA,NA,NA,4.287e+10,7.662e+11,0.06,0.0176989817,0.0367294791,0.0356646952
"298",421200,686300,1107500,"A",139002.4982544,145845.6795336,142424.088894,825302.4982544,832145.6795336,828724.088894,NA,60.45,22.266667,"Europe",186030,245.67,5.5,NA,NA,NA,NA,NA,NA,18,1.78,1.89,1.8,528,NA,NA,NA,NA,NA,NA,NA,NA,NA,NA,NA,NA,0,1,0,0.0528714133,0.0541853882,0.0541853882
"299",1708489,NA,NA,NA,NA,NA,NA,NA,NA,NA,NA,16,-93,"Latin America & Caribbean",598710,412.4,NA,NA,NA,NA,NA,NA,NA,NA,1.02,1.03,NA,NA,NA,NA,NA,NA,NA,NA,NA,NA,NA,NA,NA,NA,NA,NA,NA,NA,NA,NA
"300",421443,NA,NA,NA,NA,NA,NA,NA,NA,NA,NA,15.2283,104.8596,"Southeast Asia",76271,29,NA,NA,NA,NA,NA,NA,NA,NA,0.9,1.29,NA,NA,NA,NA,NA,NA,NA,NA,NA,NA,NA,NA,NA,NA,NA,NA,NA,NA,NA,NA
"301",438005,175583,613588,"A",NA,NA,NA,NA,NA,NA,NA,46.067,13.233333,"Europe",100514,56,13,NA,NA,NA,NA,NA,NA,NA,2.01,2.14,2,1004,NA,NA,NA,NA,NA,NA,NA,NA,NA,NA,NA,NA,6.8e+07,7.8e+09,0.01,0.0113831309,0.0151458624,0.0151130591
"302",521267,NA,NA,NA,NA,NA,NA,NA,NA,NA,NA,63.8258,20.263,"Europe",84761,32.2,NA,NA,NA,NA,NA,NA,84.319,NA,1.82,1.82,NA,NA,NA,NA,NA,NA,NA,NA,NA,NA,NA,NA,NA,NA,NA,NA,NA,NA,NA,NA
"303",266265,234882,501147,"A",230943.113850262,248736.1409121,239839.627381181,465825.113850262,483618.1409121,474721.627381181,NA,38.664,-90.327778,"North America",34706,15.280941,13.9,NA,NA,NA,NA,NA,NA,21.2,0.97,0.86,2.18,NA,NA,NA,NA,NA,NA,NA,NA,NA,NA,NA,NA,NA,4.287e+10,7.662e+11,0.06,0.0176989817,0.0367294791,0.0356646952
"304",1182401,NA,NA,NA,NA,NA,NA,NA,NA,NA,NA,59.85856,17.638927,"Europe",149245,48.77,NA,NA,NA,NA,NA,NA,84.319,NA,1.82,1.82,NA,NA,NA,NA,NA,NA,NA,NA,NA,NA,NA,NA,NA,NA,NA,NA,NA,NA,NA,NA
"305",1114495,NA,NA,NA,NA,NA,NA,NA,NA,NA,NA,10.4742,-73.2436,"Latin America & Caribbean",423260,4977.66,NA,NA,2.61526384557329,NA,NA,NA,NA,NA,1.04,1.08,NA,NA,NA,NA,NA,NA,NA,NA,NA,NA,NA,NA,NA,NA,NA,NA,NA,NA,NA,NA
"306",2389748,52855,2442602,"A",1147853.071159,1597900.335574,1372876.7033665,1200707.071159,1650754.335574,1425730.7033665,NA,49.25,-123.1,"North America",6e+05,115,11,44337,102,42659.9749058971,NA,51.1,80.122,28.4,1.16,1.17,2.8,157,28,28,3,46,40,68,20,41,66,46,79.7,21,7.796e+10,1.515e+11,0.51,0.046860437,0.1017275144,0.0734936045
"307",955471,462872,1418344,"A",NA,NA,NA,NA,NA,NA,NA,45.438,12.335833,"Europe",260000,414,13,35190,20.56185,37818.0263194195,NA,NA,NA,NA,2.01,2.14,2,NA,NA,NA,NA,NA,NA,NA,NA,NA,NA,NA,NA,NA,6.8e+07,7.8e+09,0.01,0.0113831309,0.0151458624,0.0151130591
"308",1994560,NA,1994560,"E",1329359.41237813,1656033.69089882,1492696.55163847,1329359.41237813,1656033.69089882,1492696.55163847,NA,54.683,25.283333,"Europe",542664,401,6.8,NA,14,16489.988221437,NA,NA,66.635,29.39,1.5,1.57,2.3,NA,83,7,105,64,99,88,135,38,106,72,65.44,71,0,1,0,0.0222809547,0.0437818384,0.0437818384
"309",285353,NA,NA,NA,NA,NA,NA,NA,NA,NA,NA,56.879,14.805852,"Europe",66275,30.28,NA,NA,NA,NA,NA,NA,84.319,NA,1.82,1.82,NA,NA,NA,NA,NA,NA,NA,NA,NA,NA,NA,NA,NA,NA,NA,NA,NA,NA,NA,NA
"310",7930452,3791322,11721774,"A",NA,NA,NA,NA,NA,NA,NA,52.233,21.016667,"Europe",1730000,517,8,48681,82,25434.2431761787,NA,NA,NA,37.64,1.39,1.42,2.2,115,95,16,93,59,83,41,142,29,70,6,68.96,54,4.5e+07,6.193e+09,0.01,0.0106873801,0.0149019759,0.0148713515
"311",4319059.23072,NA,NA,NA,NA,NA,NA,NA,NA,NA,1.01232,36.7166666667,119.1,"East Asia",2044028,2646.1,NA,NA,12,5870.84148728,NA,NA,NA,NA,1.09,1.17,NA,NA,NA,NA,NA,NA,NA,NA,NA,NA,NA,NA,NA,NA,NA,NA,NA,NA,NA,NA
"312",621179,171780,792959,"B",483795.578557449,543463.245101058,513629.411829254,655575.578557449,715243.245101058,685409.411829254,NA,-41.289,174.777222,"Oceania",207870,290.05,12.7,NA,NA,NA,NA,NA,86.052,37.7142857142857,1.11,1.71,2.6,NA,NA,NA,NA,NA,NA,NA,NA,NA,NA,NA,NA,NA,0,1,0,0.0132737261,0.0234648677,0.0234648677
"313",NA,NA,583213,"D",NA,NA,NA,NA,NA,NA,NA,34.088,-118.372222,"North America",36698,4.8950811,19,NA,NA,NA,NA,NA,NA,26.1,0.97,0.86,1.59,NA,NA,NA,NA,NA,NA,NA,NA,NA,NA,NA,NA,NA,4.287e+10,7.662e+11,0.06,0.0176989817,0.0367294791,0.0356646952
"314",2829997,NA,NA,NA,NA,NA,NA,NA,NA,NA,NA,-22.5609,17.065755,"Africa",325858,5133,NA,NA,NA,NA,NA,NA,NA,NA,1.12,1.08,NA,NA,NA,NA,NA,NA,NA,NA,NA,NA,NA,NA,NA,NA,NA,NA,NA,NA,NA,NA
"315",2475703,6709,2482412,"A",2041727.08709493,2198994.55625772,2120360.82167633,2048436.08709493,2205703.55625772,2127069.82167633,NA,42.283,-83,"North America",217188,146.32,10.7,NA,NA,NA,NA,NA,NA,18.8,1.16,1.17,2.9,789,NA,NA,NA,NA,NA,NA,NA,NA,NA,NA,NA,NA,7.796e+10,1.515e+11,0.51,0.046860437,0.1017275144,0.0734936045
"316",5167453,89872,5257325,"A",3689114.4467616,4224845.9376576,3956980.1922096,3778986.4467616,4314717.9376576,4046852.1922096,NA,49.899,-97.139167,"North America",705244,464.08,2.4,41719,32,42440.3183023873,NA,NA,NA,23.3,1.16,1.17,2.9,647,NA,NA,NA,NA,NA,NA,NA,NA,NA,NA,NA,NA,7.796e+10,1.515e+11,0.51,0.046860437,0.1017275144,0.0734936045
"317",1928493,NA,NA,NA,NA,NA,NA,NA,NA,NA,NA,37.3422186,127.9201621,"East Asia",310854,867.63,NA,NA,5.90575990330363,NA,NA,NA,NA,NA,1.37,1.55,NA,NA,NA,NA,NA,NA,NA,NA,NA,NA,NA,NA,NA,NA,NA,NA,NA,NA,NA,NA
"318",7164450.65,NA,NA,NA,NA,NA,NA,NA,NA,NA,0.95,30.5833333333,114.283333333,"East Asia",10607700,8494.41,NA,NA,82.2,8400.61318344,NA,NA,42.522,NA,1.09,1.17,NA,NA,124,159,136,53,84,14,175,99,41,126,51.84,126,NA,NA,NA,NA,NA,NA
"319",6571992.2469,NA,NA,NA,NA,NA,NA,NA,NA,NA,1.46633968805,31.5666666667,120.3,"East Asia",3542319,NA,NA,NA,47,13269.3393563,NA,NA,NA,NA,1.09,1.17,NA,NA,NA,NA,NA,NA,NA,NA,NA,NA,NA,NA,NA,NA,NA,NA,NA,NA,NA,NA
"320",9582034.56,NA,NA,NA,NA,NA,NA,NA,NA,NA,1.64,34.2666666667,108.9,"East Asia",8705600,9983,NA,NA,40.6,6246.15384615,NA,NA,42.522,NA,1.09,1.17,NA,NA,NA,NA,NA,NA,NA,NA,NA,NA,NA,NA,NA,NA,NA,NA,NA,NA,NA,NA
"321",3275065.5,NA,NA,NA,NA,NA,NA,NA,NA,NA,1.05,24.4798361111,118.089419444,"East Asia",3531347,1699.39,NA,NA,30,8496.17672048,NA,NA,42.522,NA,1.09,1.17,NA,NA,NA,NA,NA,NA,NA,NA,NA,NA,NA,NA,NA,NA,NA,NA,NA,NA,NA,NA
"322",597950.862753,NA,NA,NA,NA,NA,NA,NA,NA,NA,0.433605335055,27.85,112.9,"East Asia",684600,280,NA,NA,NA,NA,NA,NA,NA,NA,1.09,1.17,NA,NA,NA,NA,NA,NA,NA,NA,NA,NA,NA,NA,NA,NA,NA,NA,NA,NA,NA,NA
"323",1903957.45224,NA,NA,NA,NA,NA,NA,NA,NA,NA,0.691752,32.017,112.133,"East Asia",2199689,3672.9,NA,NA,NA,NA,NA,NA,NA,NA,1.09,1.17,NA,NA,NA,NA,NA,NA,NA,NA,NA,NA,NA,NA,NA,NA,NA,NA,NA,NA,NA,NA
"324",807454.483523,NA,NA,NA,NA,NA,NA,NA,NA,NA,0.573927021881,36.6333333333,101.766666667,"East Asia",1198304,343,NA,NA,7,5843.07178631,NA,NA,42.522,NA,1.09,1.17,NA,NA,NA,NA,NA,NA,NA,NA,NA,NA,NA,NA,NA,NA,NA,NA,NA,NA,NA,NA
"325",617978.935245,NA,NA,NA,NA,NA,NA,NA,NA,NA,0.2653582094,35.3,113.866666667,"East Asia",1047020,346,NA,NA,5,4775.54918816,NA,NA,NA,NA,1.09,1.17,NA,NA,NA,NA,NA,NA,NA,NA,NA,NA,NA,NA,NA,NA,NA,NA,NA,NA,NA,NA
"326",5618198.844,NA,NA,NA,NA,NA,NA,NA,NA,NA,1.231656,34.2666666667,117.216666667,"East Asia",3053778,3037,NA,NA,22.4,7334.64309103,NA,NA,NA,NA,1.09,1.17,NA,NA,NA,NA,NA,NA,NA,NA,NA,NA,NA,NA,NA,NA,NA,NA,NA,NA,NA,NA
"327",4531203.03283,NA,NA,NA,NA,NA,NA,NA,NA,NA,1.17650039474,37.535,121.389166667,"East Asia",2227733,NA,NA,NA,27,12118.491921,NA,NA,NA,NA,1.09,1.17,NA,NA,NA,NA,NA,NA,NA,NA,NA,NA,NA,NA,NA,NA,NA,NA,NA,NA,NA,NA
"328",6911264.55,1269292.14,8180556.68,"A",6719546.09532361,6745279.63735266,6732412.86633813,7988838.22532361,8014571.76735266,8001704.99633813,NA,24.751,121.759167,"East Asia",458777,2143.6251,22.3,NA,NA,NA,NA,NA,NA,NA,0.98,0.98,2.88,NA,NA,NA,NA,NA,NA,NA,NA,NA,NA,NA,NA,NA,0,1,0,0.0129213814,0.0149246533,0.0149246533
"329",2039692.10453,NA,NA,NA,NA,NA,NA,NA,NA,NA,1.41115611509,38.4666666667,106.266666667,"East Asia",1290170,2045,NA,NA,9,6976.74418605,NA,NA,42.522,NA,1.09,1.17,NA,NA,NA,NA,NA,NA,NA,NA,NA,NA,NA,NA,NA,NA,NA,NA,NA,NA,NA,NA
"330",12572000,9378000,21950000,"A",12271300.0368229,12309732.3509389,12290516.1938809,21649300.0368229,21687732.3509389,21668516.1938809,NA,35.444,139.638056,"East Asia",3579628,437.49,16,NA,NA,NA,NA,NA,NA,51.5,1.1,1.38,2.26,NA,NA,NA,NA,NA,NA,NA,NA,NA,NA,NA,NA,NA,0,1,0,0.0025182088,0.0028872234,0.0028872234
"331",982940,265710,1248650,"A",NA,NA,NA,NA,NA,NA,NA,40.941,-73.864444,"North America",200807,46.6457199,10.8,NA,NA,NA,NA,NA,NA,33.2,0.97,0.86,2.69,NA,NA,NA,NA,NA,NA,NA,NA,NA,NA,NA,NA,NA,4.287e+10,7.662e+11,0.06,0.0176989817,0.0367294791,0.0356646952
"332",1175162.74,613341.01,1785603.75,"A",NA,NA,NA,NA,NA,NA,NA,41.65,-0.883333,"Europe",661108,973.78,16.3,NA,28.59372,33586.6432056682,NA,NA,NA,23.22,1.55,1.63,2.4,469,NA,NA,NA,NA,NA,NA,NA,NA,NA,NA,NA,NA,0,1,0,0.0130245903,0.0140906081,0.0140906081
"333",1191132.57013,NA,NA,NA,NA,NA,NA,NA,NA,NA,0.606961996548,40.7666666667,114.883333333,"East Asia",4345485,36861.56,NA,NA,6,6024.09638554,NA,NA,NA,NA,1.09,1.17,NA,NA,NA,NA,NA,NA,NA,NA,NA,NA,NA,NA,NA,NA,NA,NA,NA,NA,NA,NA
"334",1770360.6,NA,NA,NA,NA,NA,NA,NA,NA,NA,0.69,21.2,110.4,"East Asia",1611868,1360,NA,NA,12,8207.93433653,NA,NA,NA,NA,1.09,1.17,NA,NA,NA,NA,NA,NA,NA,NA,NA,NA,NA,NA,NA,NA,NA,NA,NA,NA,NA,NA
"335",1607492.69021,NA,NA,NA,NA,NA,NA,NA,NA,NA,0.911088,34.8666666667,117.55,"East Asia",2125481,3069,NA,NA,11,5174.03574788,NA,NA,NA,NA,1.09,1.17,NA,NA,NA,NA,NA,NA,NA,NA,NA,NA,NA,NA,NA,NA,NA,NA,NA,NA,NA,NA
"336",7303971.18524,NA,NA,NA,NA,NA,NA,NA,NA,NA,1.333451,34.7666666667,113.65,"East Asia",6406000,1024,NA,NA,26,6111.89468735,NA,NA,42.522,NA,1.09,1.17,NA,NA,NA,NA,NA,NA,NA,NA,NA,NA,NA,NA,NA,NA,NA,NA,NA,NA,NA,NA
"337",1132880.32,NA,NA,NA,NA,NA,NA,NA,NA,NA,0.52,27.85,113.133333333,"East Asia",2416000,NA,NA,NA,9,8530.8056872,NA,NA,NA,NA,1.09,1.17,NA,NA,NA,NA,NA,NA,NA,NA,NA,NA,NA,NA,NA,NA,NA,NA,NA,NA,NA,NA
"338",3425477.28048,NA,NA,NA,NA,NA,NA,NA,NA,NA,1.197912,36.7833333333,118.05,"East Asia",3129228,2972,NA,NA,33,10546.5004794,NA,NA,NA,NA,1.09,1.17,NA,NA,NA,NA,NA,NA,NA,NA,NA,NA,NA,NA,NA,NA,NA,NA,NA,NA,NA,NA
"339",NA,NA,1822367,"D",NA,NA,NA,1732271.17866249,1778985.01408413,1755628.09637331,NA,47.367,8.55,"Europe",401144,87.88,8.8,56666,115,78767.1232876712,NA,56.86,73.457,40.7,1.79,1.74,2,25,18,1,25,78,48,80,24,2,75,32,82.51,13,0,1,0,0.0038276228,0.007949217,0.007949217
"340",22118090,NA,NA,NA,NA,NA,NA,NA,NA,NA,NA,-29.8587,31.02184,"Africa",3442361,2291,NA,NA,NA,NA,NA,NA,59.256,NA,1.17,1.19,NA,NA,NA,NA,NA,NA,NA,NA,NA,NA,NA,NA,NA,NA,NA,NA,NA,NA,NA,NA
"341",NA,NA,258882,"D",NA,NA,NA,210588.233109739,217282.730561658,213935.481835698,NA,40.574,-8.448056,"Europe",47729,335.27,15,NA,NA,NA,NA,NA,NA,14.0198760970573,1.64,1.89,NA,NA,NA,NA,NA,NA,NA,NA,NA,NA,NA,NA,NA,NA,0,1,0,0.0311275785,0.0361368851,0.0361368851
"342",470149,NA,NA,NA,NA,NA,NA,NA,NA,NA,NA,59.2667,15.2167,"Europe",147423,49.27,NA,NA,NA,NA,NA,NA,84.319,NA,1.82,1.82,2.13,492,NA,NA,NA,NA,NA,NA,NA,NA,NA,NA,NA,NA,NA,NA,NA,NA,NA,NA
"343",5489128.31649,NA,NA,NA,NA,NA,NA,NA,NA,NA,1.915662,43.825,87.6,"East Asia",3519600,14577,NA,NA,20,6602.83922086,NA,NA,42.522,NA,1.09,1.17,NA,NA,NA,NA,NA,NA,NA,NA,NA,NA,NA,NA,NA,NA,NA,NA,NA,NA,NA,NA
